timeAsCustomer,driverAge,insuranceAccess,insurancePremium,driverGender,educationLevel,accidentType,incidentSeverity,authoritiesInvolved,incidentTime,numVehiclesInvolved,numBodilyInjuries,policeReportBool,totalClaimAmount,fraud,vehicleAge,driverExperience,licenceType
328,48,1000,1407,0,MD,Single Vehicle Collision,Major Damage,Police,5,1,1,1,71610,1,11,28,Full
228,42,2000,1197,0,MD,Vehicle Theft,Minor Damage,Police,8,1,0,0,5070,1,8,21,Full
134,29,2000,1413,1,PhD,Multi-vehicle Collision,Minor Damage,Police,7,3,2,0,34650,0,8,13,Full
256,41,2000,1416,1,PhD,Single Vehicle Collision,Major Damage,Police,5,1,1,0,63400,1,1,22,Full
228,44,1000,1584,0,Associate,Vehicle Theft,Minor Damage,None,20,1,0,0,6500,0,6,25,Full
256,39,1000,1351,1,PhD,Multi-vehicle Collision,Major Damage,Fire,19,3,0,0,64100,1,12,20,Full
137,34,1000,1333,0,PhD,Multi-vehicle Collision,Minor Damage,Police,0,3,0,0,78650,0,3,17,Full
165,37,1000,1137,0,Associate,Multi-vehicle Collision,Total Loss,Police,23,3,2,1,51590,0,0,18,Full
27,33,500,1443,1,PhD,Single Vehicle Collision,Total Loss,Police,21,1,1,1,27700,0,3,12,Full
212,42,500,1316,0,PhD,Single Vehicle Collision,Total Loss,Other,14,1,2,0,42300,0,19,24,Full
235,42,500,1253,1,Masters,Single Vehicle Collision,Total Loss,Police,22,1,2,0,87010,0,13,22,Full
447,61,2000,1137,1,High School,Multi-vehicle Collision,Major Damage,Fire,21,3,1,1,114920,0,9,39,Full
60,23,500,1215,0,MD,Single Vehicle Collision,Total Loss,Ambulance,9,1,1,0,56520,0,15,7,Full
121,34,1000,937,1,MD,Parked Car,Minor Damage,None,5,1,1,0,7280,0,5,18,Full
180,38,2000,1301,1,College,Single Vehicle Collision,Total Loss,Police,12,1,0,1,46200,1,12,18,Full
473,58,2000,1131,1,MD,Multi-vehicle Collision,Major Damage,Other,12,4,0,0,63120,1,16,40,Full
70,26,1000,1199,0,College,Multi-vehicle Collision,Major Damage,Other,0,3,1,1,52110,0,3,9,Full
140,31,500,709,0,High School,Single Vehicle Collision,Total Loss,Police,9,1,0,1,77880,0,0,9,Full
160,37,500,1374,1,MD,Single Vehicle Collision,Total Loss,Other,19,1,1,0,72930,0,0,15,Full
196,39,2000,1476,1,High School,Multi-vehicle Collision,Major Damage,Police,8,3,2,0,60400,0,1,23,Full
460,62,1000,1188,0,JD,Multi-vehicle Collision,Minor Damage,Police,20,3,1,0,47160,0,4,45,Full
217,41,2000,875,1,Associate,Multi-vehicle Collision,Total Loss,Police,15,3,1,0,37840,0,19,20,Full
370,55,2000,972,0,High School,Multi-vehicle Collision,Major Damage,Ambulance,20,3,0,1,71520,1,15,38,Full
413,55,2000,1269,0,MD,Single Vehicle Collision,Total Loss,Ambulance,15,1,2,0,98160,1,4,34,Full
237,40,1000,883,0,College,Single Vehicle Collision,Minor Damage,Other,6,1,1,0,77880,0,10,24,Full
8,35,2000,1267,0,Masters,Multi-vehicle Collision,Major Damage,Other,16,3,1,1,71500,1,9,18,Full
257,43,2000,1322,0,High School,Parked Car,Minor Damage,Police,4,1,1,1,9020,0,10,23,Full
202,34,500,848,0,JD,Vehicle Theft,Minor Damage,None,5,1,2,0,5720,1,12,15,Full
224,40,2000,1292,1,JD,Single Vehicle Collision,Minor Damage,Other,21,1,1,1,69840,0,6,24,Full
241,45,2000,1104,1,PhD,Single Vehicle Collision,Minor Damage,Police,5,1,2,0,91650,0,4,26,Full
64,25,1000,954,0,Masters,Multi-vehicle Collision,Major Damage,Ambulance,22,4,0,0,75600,0,10,4,P2
166,37,2000,1337,0,JD,Multi-vehicle Collision,Major Damage,Police,10,3,2,0,67140,1,9,15,Full
155,35,1000,1088,1,Associate,Multi-vehicle Collision,Total Loss,Police,16,3,2,0,29790,0,7,19,Full
114,30,1000,1558,0,High School,Multi-vehicle Collision,Major Damage,Ambulance,1,3,1,0,77110,0,0,12,Full
149,37,500,1416,0,PhD,Single Vehicle Collision,Total Loss,Fire,17,1,0,1,64800,0,16,18,Full
147,33,1000,1334,0,High School,Single Vehicle Collision,Major Damage,Other,15,1,2,1,53100,1,20,17,Full
62,28,1000,988,1,Masters,Single Vehicle Collision,Total Loss,Police,3,1,1,1,60200,1,11,11,Full
289,49,2000,1222,1,JD,Parked Car,Minor Damage,None,16,1,1,1,5330,0,14,30,Full
431,54,2000,1156,1,MD,Multi-vehicle Collision,Major Damage,Police,4,3,2,0,62300,0,8,33,Full
199,37,500,1262,0,JD,Single Vehicle Collision,Major Damage,Ambulance,4,1,0,0,60170,1,4,18,Full
79,26,500,1452,0,Associate,Single Vehicle Collision,Minor Damage,Ambulance,19,1,2,0,40000,0,5,7,Full
116,34,500,1738,0,Associate,Single Vehicle Collision,Major Damage,Police,1,1,1,0,97080,1,14,12,Full
37,23,500,1476,1,College,Multi-vehicle Collision,Minor Damage,Other,17,3,1,0,51660,0,5,7,Full
106,30,500,538,1,PhD,Single Vehicle Collision,Total Loss,Other,23,1,2,0,51120,0,10,13,Full
269,44,2000,1081,0,JD,Single Vehicle Collision,Minor Damage,Other,14,1,0,0,56400,0,1,27,Full
265,40,1000,1454,1,MD,Multi-vehicle Collision,Total Loss,Other,17,3,2,0,55120,0,13,23,Full
163,33,500,1240,1,Associate,Multi-vehicle Collision,Total Loss,Fire,11,3,1,0,77110,0,1,17,Full
355,47,2000,1274,0,College,Multi-vehicle Collision,Major Damage,Fire,19,3,2,0,62800,1,12,29,Full
175,34,1000,1124,1,PhD,Vehicle Theft,Trivial Damage,Police,5,1,2,1,7290,0,20,14,Full
192,35,1000,1246,1,Masters,Single Vehicle Collision,Total Loss,Other,19,1,0,0,76600,0,15,16,Full
430,59,2000,1327,0,MD,Multi-vehicle Collision,Minor Damage,Fire,19,3,0,1,81800,0,17,37,Full
91,27,2000,1074,1,JD,Vehicle Theft,Trivial Damage,None,4,1,1,0,7260,0,7,8,Full
217,39,1000,1531,0,College,Vehicle Theft,Minor Damage,None,8,1,2,1,4300,0,15,21,Full
223,40,500,1201,1,JD,Multi-vehicle Collision,Major Damage,Police,7,3,1,0,70510,0,16,20,Full
195,39,1000,1394,0,PhD,Parked Car,Minor Damage,Police,5,1,0,1,2640,0,6,21,Full
22,26,1000,1277,0,PhD,Single Vehicle Collision,Minor Damage,Fire,3,1,1,0,78900,0,20,10,Full
439,56,500,1082,1,PhD,Multi-vehicle Collision,Major Damage,Fire,12,3,2,0,56430,0,1,40,Full
94,32,1000,1415,1,Masters,Parked Car,Minor Damage,None,19,1,1,0,2400,0,1,12,Full
11,39,2000,1470,0,PhD,Single Vehicle Collision,Total Loss,Ambulance,22,1,0,0,65790,0,8,18,Full
151,36,2000,871,1,MD,Multi-vehicle Collision,Minor Damage,Police,12,3,1,0,62920,0,15,15,Full
154,34,500,795,0,PhD,Multi-vehicle Collision,Major Damage,Police,15,3,2,0,69480,1,1,12,Full
245,44,1000,1168,0,JD,Multi-vehicle Collision,Total Loss,Other,23,3,0,0,44280,0,18,28,Full
119,32,1000,994,0,High School,Single Vehicle Collision,Minor Damage,Other,12,1,0,1,56300,0,4,12,Full
215,42,500,1849,0,JD,Multi-vehicle Collision,Major Damage,Fire,20,3,2,1,68520,1,12,25,Full
295,42,2000,1642,0,PhD,Multi-vehicle Collision,Total Loss,Fire,16,3,0,0,59130,1,9,22,Full
254,39,500,1363,1,MD,Multi-vehicle Collision,Minor Damage,Ambulance,6,3,2,0,82320,1,20,22,Full
107,31,500,1239,1,High School,Single Vehicle Collision,Minor Damage,Fire,12,1,0,0,89700,1,6,13,Full
478,64,500,835,1,Associate,Multi-vehicle Collision,Minor Damage,Fire,17,3,1,0,33930,0,17,46,Full
128,30,1000,1061,0,MD,Single Vehicle Collision,Major Damage,Ambulance,8,1,0,0,68530,0,18,14,Full
338,49,1000,1279,0,MD,Parked Car,Minor Damage,None,13,1,0,0,4300,0,11,32,Full
271,42,500,1105,1,Associate,Multi-vehicle Collision,Major Damage,Other,12,2,2,0,68310,1,12,25,Full
222,41,2000,1056,1,MD,Single Vehicle Collision,Total Loss,Other,7,1,0,0,61290,1,20,24,Full
199,41,1000,896,1,Associate,Single Vehicle Collision,Minor Damage,Ambulance,10,1,1,0,30100,0,16,24,Full
215,37,500,1633,1,College,Multi-vehicle Collision,Minor Damage,Fire,7,3,2,1,57120,0,13,18,Full
192,40,1000,1406,1,Associate,Multi-vehicle Collision,Minor Damage,Ambulance,18,3,1,1,42930,0,10,18,Full
120,35,1000,1426,1,High School,Multi-vehicle Collision,Total Loss,Ambulance,22,3,2,0,51210,0,5,16,Full
270,45,1000,1038,1,College,Multi-vehicle Collision,Minor Damage,Fire,18,3,1,1,89400,0,17,23,Full
319,47,500,1307,0,College,Multi-vehicle Collision,Total Loss,Police,22,3,0,0,59730,0,10,29,Full
194,39,1000,1489,1,JD,Vehicle Theft,Minor Damage,None,15,1,2,1,8060,0,11,20,Full
227,38,500,977,1,PhD,Single Vehicle Collision,Major Damage,Fire,16,1,1,0,72200,1,2,22,Full
137,31,2000,1340,0,High School,Multi-vehicle Collision,Minor Damage,Ambulance,6,3,1,0,50800,0,10,9,Full
244,40,2000,1268,1,Masters,Vehicle Theft,Trivial Damage,None,10,1,2,0,6600,0,10,21,Full
78,29,1000,1234,0,Masters,Vehicle Theft,Minor Damage,Police,3,1,2,0,7500,0,13,8,Full
200,35,2000,1318,0,High School,Vehicle Theft,Trivial Damage,None,13,1,0,1,6490,0,13,15,Full
284,48,2000,770,0,Masters,Multi-vehicle Collision,Major Damage,Ambulance,16,2,2,0,60940,1,2,31,Full
275,41,2000,1515,0,High School,Multi-vehicle Collision,Major Damage,Fire,13,3,0,0,58300,0,8,23,Full
153,34,1000,874,1,Associate,Multi-vehicle Collision,Minor Damage,Other,9,3,2,0,68400,0,8,14,Full
134,32,500,1612,1,MD,Single Vehicle Collision,Total Loss,Fire,2,1,2,1,64240,0,0,13,Full
31,36,2000,1318,1,College,Parked Car,Trivial Damage,None,9,1,0,1,4700,0,13,16,Full
41,25,1000,1227,1,College,Multi-vehicle Collision,Major Damage,Other,12,3,2,0,45120,1,4,3,P2
127,29,2000,1326,1,High School,Multi-vehicle Collision,Total Loss,Fire,12,2,1,0,66950,0,20,9,Full
61,23,2000,1137,1,Associate,Single Vehicle Collision,Major Damage,Police,14,1,0,0,98340,1,11,3,P2
207,42,2000,1323,0,PhD,Parked Car,Trivial Damage,None,9,1,0,0,5900,0,8,23,Full
219,43,1000,1483,1,MD,Multi-vehicle Collision,Major Damage,Ambulance,3,3,1,0,70680,0,6,23,Full
271,42,500,1515,1,High School,Multi-vehicle Collision,Total Loss,Ambulance,21,3,1,0,93720,0,10,22,Full
80,25,2000,1075,1,PhD,Vehicle Theft,Minor Damage,None,5,1,2,1,6930,0,14,5,Full
325,47,1000,1690,1,Associate,Single Vehicle Collision,Major Damage,Fire,11,1,0,0,72930,1,9,31,Full
29,25,2000,1353,0,Masters,Multi-vehicle Collision,Minor Damage,Other,4,4,1,1,64890,1,2,3,P2
295,48,1000,1149,1,College,Parked Car,Trivial Damage,None,6,1,1,1,5400,0,16,28,Full
239,42,1000,970,0,College,Vehicle Theft,Trivial Damage,None,10,1,0,0,5600,0,8,23,Full
269,41,500,1464,1,College,Single Vehicle Collision,Minor Damage,Police,23,1,0,0,79300,0,8,23,Full
80,27,1000,1474,1,College,Single Vehicle Collision,Major Damage,Police,13,1,1,1,52800,0,11,6,Full
279,41,500,1497,1,JD,Multi-vehicle Collision,Minor Damage,Fire,16,3,2,0,28800,0,2,20,Full
165,33,1000,1427,1,Associate,Parked Car,Minor Damage,Police,3,1,1,0,2970,0,7,12,Full
350,54,500,1495,0,College,Multi-vehicle Collision,Total Loss,Police,15,3,0,0,93480,0,1,38,Full
295,49,500,1142,0,College,Vehicle Theft,Minor Damage,None,4,1,1,1,4320,0,13,32,Full
464,61,1000,1125,1,Associate,Multi-vehicle Collision,Major Damage,Police,6,3,0,1,79800,1,15,40,Full
118,28,2000,1207,1,High School,Multi-vehicle Collision,Major Damage,Ambulance,22,2,1,0,74200,0,18,11,Full
298,47,2000,1338,1,PhD,Single Vehicle Collision,Major Damage,Fire,1,1,0,0,70590,1,15,28,Full
87,31,1000,1074,1,Masters,Multi-vehicle Collision,Major Damage,Fire,16,3,0,1,60940,1,9,15,Full
261,42,500,1338,1,College,Single Vehicle Collision,Minor Damage,Police,18,1,1,1,74700,0,5,21,Full
453,60,500,1299,0,PhD,Single Vehicle Collision,Major Damage,Fire,0,1,0,0,70000,1,0,38,Full
210,41,500,1223,0,High School,Multi-vehicle Collision,Total Loss,Other,12,3,2,0,81070,0,14,25,Full
168,32,1000,1060,0,MD,Multi-vehicle Collision,Major Damage,Other,13,2,1,0,57720,0,8,15,Full
390,51,2000,1124,0,Associate,Vehicle Theft,Minor Damage,None,9,1,1,1,7080,0,14,33,Full
258,46,1000,1110,0,MD,Multi-vehicle Collision,Total Loss,Other,14,3,0,0,47700,1,18,26,Full
107,31,2000,1374,1,PhD,Single Vehicle Collision,Minor Damage,Police,16,1,0,0,51260,0,13,13,Full
225,41,2000,1104,0,High School,Multi-vehicle Collision,Major Damage,Police,20,3,2,0,70400,1,4,25,Full
164,38,2000,1270,1,PhD,Single Vehicle Collision,Minor Damage,Fire,4,1,1,1,90000,0,0,17,Full
245,39,500,965,1,Associate,Multi-vehicle Collision,Minor Damage,Police,7,3,0,0,72820,0,5,20,Full
255,41,2000,1167,0,High School,Single Vehicle Collision,Minor Damage,Fire,22,1,2,0,69300,0,15,23,Full
206,36,500,1625,1,MD,Single Vehicle Collision,Major Damage,Ambulance,11,1,2,0,76560,1,7,18,Full
203,38,500,1394,1,Masters,Single Vehicle Collision,Major Damage,Ambulance,7,1,0,1,55440,1,16,17,Full
22,25,2000,1053,1,College,Multi-vehicle Collision,Total Loss,Other,0,4,1,0,77130,0,20,9,Full
211,35,500,1041,1,JD,Single Vehicle Collision,Total Loss,Ambulance,1,1,1,0,42000,0,4,14,Full
206,39,1000,1302,0,JD,Multi-vehicle Collision,Total Loss,Ambulance,12,3,2,1,36300,0,2,22,Full
166,38,2000,1589,0,MD,Single Vehicle Collision,Total Loss,Other,8,1,0,0,40320,0,14,22,Full
165,32,500,1399,1,High School,Parked Car,Minor Damage,Police,9,1,2,0,3960,0,17,14,Full
274,43,2000,1352,0,College,Single Vehicle Collision,Major Damage,Fire,22,1,0,1,63840,1,9,25,Full
81,28,1000,1139,1,Masters,Multi-vehicle Collision,Major Damage,Fire,0,3,1,0,44730,1,15,9,Full
280,45,1000,1398,0,JD,Multi-vehicle Collision,Minor Damage,Other,0,3,1,0,84720,0,16,27,Full
194,39,500,823,0,Masters,Multi-vehicle Collision,Major Damage,Other,3,3,2,0,61500,0,3,20,Full
112,27,500,965,1,Masters,Multi-vehicle Collision,Major Damage,Ambulance,21,3,0,0,51000,0,2,9,Full
24,33,1000,1923,1,High School,Single Vehicle Collision,Total Loss,Police,0,1,2,0,46800,0,13,16,Full
93,32,2000,1625,0,PhD,Single Vehicle Collision,Minor Damage,Ambulance,16,1,1,0,78120,0,9,14,Full
171,34,2000,1277,1,College,Single Vehicle Collision,Major Damage,Police,14,1,1,0,69200,1,19,12,Full
200,40,1000,1439,1,High School,Vehicle Theft,Minor Damage,Police,9,1,0,0,3690,0,0,21,Full
120,28,1000,1281,1,PhD,Multi-vehicle Collision,Minor Damage,Fire,9,3,0,0,65500,0,5,6,Full
325,46,500,1349,1,High School,Multi-vehicle Collision,Minor Damage,Fire,21,3,1,1,76120,0,16,27,Full
124,32,1000,1198,1,MD,Multi-vehicle Collision,Total Loss,Other,19,3,0,1,73560,0,20,13,Full
211,35,2000,1221,0,Masters,Single Vehicle Collision,Total Loss,Police,2,1,0,0,52030,0,7,17,Full
287,41,2000,969,0,Masters,Vehicle Theft,Trivial Damage,None,9,1,2,0,5170,0,14,19,Full
122,34,1000,1221,0,PhD,Parked Car,Minor Damage,None,5,1,2,1,8190,0,2,15,Full
22,29,2000,1239,0,MD,Single Vehicle Collision,Major Damage,Ambulance,14,1,2,0,70800,1,3,9,Full
106,31,2000,1321,1,JD,Multi-vehicle Collision,Total Loss,Police,20,3,0,1,45630,0,4,14,Full
398,58,500,991,1,Associate,Single Vehicle Collision,Major Damage,Police,18,1,2,0,99320,1,13,40,Full
214,41,500,1399,0,Masters,Multi-vehicle Collision,Major Damage,Fire,13,3,2,0,64000,1,19,22,Full
209,38,500,1355,1,MD,Single Vehicle Collision,Minor Damage,Fire,21,1,1,0,47300,0,1,16,Full
82,27,1000,1385,0,PhD,Single Vehicle Collision,Major Damage,Other,14,1,2,0,71680,1,8,10,Full
193,41,500,847,1,JD,Single Vehicle Collision,Major Damage,Other,1,1,1,1,112320,1,4,23,Full
134,32,1000,1000,1,PhD,Single Vehicle Collision,Total Loss,Other,17,1,1,0,82720,0,1,15,Full
288,45,1000,1047,0,Masters,Multi-vehicle Collision,Major Damage,Fire,4,3,2,0,48060,0,6,25,Full
104,32,500,1158,0,High School,Multi-vehicle Collision,Total Loss,Police,23,3,1,1,63570,1,9,14,Full
431,54,1000,1372,1,Masters,Multi-vehicle Collision,Total Loss,Fire,13,3,2,0,63240,0,18,32,Full
101,33,1000,1053,1,Masters,Multi-vehicle Collision,Minor Damage,Ambulance,20,3,1,0,54240,1,2,14,Full
375,50,1000,1275,0,Associate,Single Vehicle Collision,Major Damage,Police,16,1,2,0,37280,1,19,34,Full
461,61,2000,1403,0,JD,Multi-vehicle Collision,Minor Damage,Police,10,3,2,1,72100,0,9,42,Full
428,59,500,1344,1,JD,Parked Car,Minor Damage,None,8,1,2,0,6500,0,2,41,Full
45,38,1000,1198,0,Masters,Multi-vehicle Collision,Total Loss,Ambulance,17,3,2,0,78240,0,2,19,Full
136,29,500,1203,1,JD,Vehicle Theft,Minor Damage,Police,9,1,2,0,6200,0,16,13,Full
216,36,1000,1152,1,Associate,Parked Car,Minor Damage,Police,0,1,2,0,6160,0,1,20,Full
278,48,2000,1143,1,MD,Single Vehicle Collision,Total Loss,Ambulance,12,1,2,0,76050,0,18,26,Full
295,48,1000,1332,1,MD,Multi-vehicle Collision,Total Loss,Ambulance,20,2,2,1,86060,0,13,32,Full
112,30,1000,1167,1,Masters,Single Vehicle Collision,Major Damage,Fire,3,1,2,0,107900,1,18,8,Full
122,34,500,1495,1,Masters,Multi-vehicle Collision,Total Loss,Fire,18,3,2,1,99990,0,4,15,Full
108,29,1000,1338,1,PhD,Multi-vehicle Collision,Minor Damage,Ambulance,4,3,2,1,61380,0,3,7,Full
14,28,2000,1588,1,Associate,Single Vehicle Collision,Major Damage,Fire,18,1,2,1,71280,1,3,10,Full
298,45,1000,1362,0,High School,Multi-vehicle Collision,Minor Damage,Ambulance,18,3,0,0,64000,0,16,26,Full
276,46,500,1449,1,Masters,Parked Car,Trivial Damage,Police,7,1,0,0,5940,0,0,30,Full
47,37,2000,1242,0,High School,Parked Car,Minor Damage,None,18,1,1,0,6700,0,4,17,Full
222,42,500,1125,0,Associate,Multi-vehicle Collision,Minor Damage,Police,23,3,0,0,51740,0,9,26,Full
119,28,2000,1080,0,High School,Single Vehicle Collision,Total Loss,Ambulance,1,1,0,1,53600,1,8,7,Full
73,29,1000,1448,0,College,Multi-vehicle Collision,Total Loss,Other,15,3,1,0,44910,0,14,7,Full
8,31,500,1229,1,MD,Multi-vehicle Collision,Major Damage,Fire,2,3,0,1,48100,0,1,15,Full
294,44,1000,1226,1,PhD,Vehicle Theft,Trivial Damage,None,3,1,0,0,6100,0,13,23,Full
324,46,2000,898,0,MD,Single Vehicle Collision,Minor Damage,Other,13,1,1,1,79600,0,4,28,Full
155,34,500,1707,0,Masters,Single Vehicle Collision,Minor Damage,Ambulance,1,1,1,1,77040,0,17,15,Full
261,45,1000,1254,1,PhD,Single Vehicle Collision,Minor Damage,Fire,16,1,0,0,62590,0,12,23,Full
245,40,500,885,1,Masters,Single Vehicle Collision,Total Loss,Other,0,1,0,0,85150,0,17,22,Full
235,39,500,1047,0,MD,Vehicle Theft,Trivial Damage,None,1,1,2,0,4950,0,5,20,Full
53,36,2000,1713,0,Associate,Multi-vehicle Collision,Major Damage,Fire,17,3,2,1,51100,0,9,15,Full
426,54,2000,1098,1,Masters,Single Vehicle Collision,Minor Damage,Police,13,1,2,0,100800,0,18,38,Full
111,27,500,1364,1,Masters,Single Vehicle Collision,Total Loss,Police,12,1,2,0,90970,0,6,11,Full
86,26,500,1383,0,JD,Single Vehicle Collision,Minor Damage,Police,11,1,1,1,81840,1,4,10,Full
296,46,1000,1141,0,Masters,Single Vehicle Collision,Major Damage,Ambulance,18,1,0,0,54900,0,2,27,Full
125,35,500,1055,0,JD,Single Vehicle Collision,Total Loss,Fire,17,1,2,0,88660,1,8,19,Full
177,34,2000,1058,1,JD,Multi-vehicle Collision,Total Loss,Ambulance,22,3,1,0,18000,0,6,16,Full
238,39,2000,1488,1,JD,Vehicle Theft,Minor Damage,Police,9,1,1,1,5500,0,5,21,Full
81,25,500,920,1,High School,Multi-vehicle Collision,Major Damage,Other,11,3,1,0,73920,1,12,9,Full
128,28,1000,987,1,High School,Single Vehicle Collision,Total Loss,Ambulance,11,1,0,1,101860,0,8,8,Full
449,57,2000,1441,0,Associate,Parked Car,Minor Damage,None,8,1,0,1,5390,0,7,38,Full
252,39,1000,1086,0,JD,Single Vehicle Collision,Minor Damage,Police,18,1,1,0,50490,0,14,19,Full
359,47,2000,1368,1,MD,Single Vehicle Collision,Total Loss,Police,13,1,0,0,55500,0,3,26,Full
19,32,1000,1216,0,High School,Vehicle Theft,Minor Damage,Police,8,1,1,1,7040,0,0,10,Full
73,26,2000,1191,0,MD,Multi-vehicle Collision,Total Loss,Other,9,3,0,1,40160,0,12,10,Full
285,44,1000,1594,0,High School,Multi-vehicle Collision,Total Loss,Fire,17,2,2,0,55680,0,9,24,Full
196,36,2000,1463,0,MD,Vehicle Theft,Trivial Damage,Police,3,1,1,0,5300,1,14,17,Full
223,43,500,1734,1,MD,Parked Car,Trivial Damage,None,6,1,0,0,5200,0,9,22,Full
328,48,500,1411,0,Masters,Single Vehicle Collision,Major Damage,Ambulance,17,1,2,0,59400,0,1,29,Full
285,43,2000,1513,1,College,Vehicle Theft,Minor Damage,Police,7,1,1,0,2520,0,18,23,Full
30,31,2000,1153,0,PhD,Vehicle Theft,Trivial Damage,Police,9,1,2,1,5760,0,4,9,Full
342,49,500,1723,0,PhD,Single Vehicle Collision,Minor Damage,Fire,3,1,2,1,76700,0,9,28,Full
219,39,2000,1281,1,High School,Parked Car,Trivial Damage,Police,6,1,0,0,5920,0,0,22,Full
468,62,500,1012,0,PhD,Multi-vehicle Collision,Major Damage,Fire,7,3,0,0,64350,0,6,41,Full
241,39,2000,1042,0,JD,Multi-vehicle Collision,Total Loss,Ambulance,21,3,1,0,19080,0,20,20,Full
223,43,500,1235,1,Masters,Single Vehicle Collision,Minor Damage,Police,14,1,2,0,54400,0,4,27,Full
128,32,2000,769,1,College,Single Vehicle Collision,Total Loss,Fire,0,1,1,0,59800,1,16,16,Full
124,29,500,1302,0,Masters,Multi-vehicle Collision,Major Damage,Police,14,3,0,1,72000,0,10,13,Full
343,48,500,1452,0,JD,Multi-vehicle Collision,Total Loss,Police,13,4,2,0,65070,0,12,27,Full
404,53,500,767,0,Associate,Parked Car,Trivial Damage,Police,8,1,0,0,8800,0,13,32,Full
63,24,2000,1621,1,High School,Vehicle Theft,Minor Damage,Police,7,1,2,0,6120,0,0,2,P1
210,37,2000,1048,0,High School,Vehicle Theft,Trivial Damage,None,9,1,1,0,7080,0,16,20,Full
335,50,1000,1538,0,High School,Multi-vehicle Collision,Minor Damage,Ambulance,12,3,2,1,34320,0,6,34,Full
11,40,2000,1218,1,MD,Multi-vehicle Collision,Major Damage,Other,6,3,1,0,53460,1,11,20,Full
142,33,2000,1363,1,JD,Single Vehicle Collision,Total Loss,Other,11,1,1,0,81360,1,6,16,Full
272,43,1000,1279,0,PhD,Multi-vehicle Collision,Minor Damage,Ambulance,5,3,1,1,81070,1,9,21,Full
69,26,2000,925,1,High School,Single Vehicle Collision,Minor Damage,Fire,14,1,2,0,63120,0,7,5,Full
38,28,1000,1019,0,Masters,Vehicle Theft,Trivial Damage,None,17,1,2,0,7200,0,11,7,Full
328,46,500,1315,1,MD,Single Vehicle Collision,Total Loss,Other,0,1,2,0,70290,1,17,27,Full
281,43,1000,1515,0,College,Multi-vehicle Collision,Minor Damage,Fire,21,3,1,0,60190,0,16,26,Full
246,44,2000,1649,0,College,Single Vehicle Collision,Major Damage,Other,18,1,1,1,61380,1,6,28,Full
298,49,500,1451,1,College,Single Vehicle Collision,Minor Damage,Ambulance,17,1,2,0,28100,0,3,33,Full
330,50,1000,978,1,High School,Single Vehicle Collision,Total Loss,Fire,19,1,0,0,49060,0,20,30,Full
362,50,500,1198,0,Associate,Multi-vehicle Collision,Total Loss,Fire,17,3,1,0,57060,0,20,31,Full
241,38,2000,1003,1,Associate,Multi-vehicle Collision,Major Damage,Fire,23,3,0,1,77880,0,7,19,Full
245,41,2000,1212,0,Masters,Single Vehicle Collision,Total Loss,Ambulance,4,1,0,1,73500,0,16,24,Full
371,52,1000,1243,1,High School,Multi-vehicle Collision,Minor Damage,Other,2,2,2,0,88920,0,5,30,Full
343,52,1000,1053,1,Associate,Single Vehicle Collision,Major Damage,Other,2,1,0,0,47630,1,10,31,Full
377,53,500,1694,1,MD,Multi-vehicle Collision,Total Loss,Fire,10,3,1,0,59040,0,0,32,Full
154,37,1000,2048,1,MD,Single Vehicle Collision,Minor Damage,Other,2,1,0,0,79530,0,15,21,Full
166,34,1000,1084,1,High School,Single Vehicle Collision,Total Loss,Other,18,1,0,1,53680,0,10,18,Full
298,46,1000,1138,0,JD,Single Vehicle Collision,Minor Damage,Police,18,1,2,1,33550,0,10,29,Full
235,42,500,1073,1,Masters,Multi-vehicle Collision,Total Loss,Other,7,4,2,1,69100,0,9,24,Full
172,35,2000,1219,0,MD,Multi-vehicle Collision,Major Damage,Police,19,3,2,0,79750,0,16,19,Full
27,28,2000,1372,0,JD,Multi-vehicle Collision,Major Damage,Other,10,3,0,1,53600,1,0,6,Full
428,54,2000,1506,0,Masters,Multi-vehicle Collision,Minor Damage,Fire,16,3,1,0,76560,0,6,35,Full
99,32,1000,1058,0,JD,Single Vehicle Collision,Total Loss,Fire,17,1,1,0,41130,0,16,10,Full
107,26,2000,932,0,MD,Multi-vehicle Collision,Total Loss,Fire,2,3,2,0,78650,1,19,5,Full
272,41,2000,1608,1,Associate,Single Vehicle Collision,Major Damage,Other,19,1,1,0,71060,0,5,24,Full
151,37,1000,1729,1,Masters,Single Vehicle Collision,Minor Damage,Fire,0,1,1,0,38830,0,16,20,Full
249,43,1000,1518,1,MD,Single Vehicle Collision,Major Damage,Fire,16,1,0,1,53500,0,0,21,Full
177,38,2000,1540,1,College,Single Vehicle Collision,Major Damage,Other,20,1,2,0,73700,1,14,18,Full
190,40,2000,965,1,JD,Parked Car,Trivial Damage,None,10,1,2,1,6300,0,14,24,Full
174,36,2000,1279,1,College,Multi-vehicle Collision,Total Loss,Ambulance,21,3,2,0,65400,0,3,15,Full
95,28,1000,774,0,Associate,Vehicle Theft,Trivial Damage,None,3,1,1,0,3200,0,1,12,Full
371,51,1000,1532,1,Associate,Single Vehicle Collision,Major Damage,Fire,7,1,0,1,75400,1,3,32,Full
2,28,1000,1341,1,JD,Single Vehicle Collision,Minor Damage,Fire,19,1,0,1,58140,0,7,10,Full
269,44,500,1298,1,JD,Multi-vehicle Collision,Total Loss,Ambulance,15,3,0,0,98670,1,5,25,Full
101,27,1000,433,0,Masters,Parked Car,Minor Damage,None,7,1,0,0,5900,0,6,9,Full
94,30,2000,1026,1,High School,Single Vehicle Collision,Major Damage,Fire,19,1,1,1,64100,0,14,10,Full
117,28,500,1265,1,Associate,Multi-vehicle Collision,Total Loss,Fire,13,2,0,0,55440,1,6,6,Full
111,27,500,1460,0,MD,Multi-vehicle Collision,Major Damage,Police,2,3,1,0,80850,1,4,8,Full
242,40,500,1239,1,High School,Vehicle Theft,Trivial Damage,Police,5,1,1,0,7480,0,17,18,Full
440,61,500,1051,0,PhD,Single Vehicle Collision,Major Damage,Fire,21,1,2,0,53640,1,11,39,Full
20,23,1000,1712,1,JD,Multi-vehicle Collision,Major Damage,Fire,21,3,2,0,63250,1,13,2,P1
461,57,500,865,1,High School,Multi-vehicle Collision,Major Damage,Ambulance,7,3,0,0,59040,0,20,36,Full
208,36,500,1153,0,Associate,Multi-vehicle Collision,Total Loss,Other,16,3,1,1,50500,0,11,17,Full
279,43,2000,1281,0,Associate,Single Vehicle Collision,Major Damage,Police,13,1,0,0,57690,1,5,27,Full
244,40,500,1343,1,MD,Vehicle Theft,Trivial Damage,Police,2,1,1,1,5940,0,1,21,Full
134,30,2000,1443,1,PhD,Multi-vehicle Collision,Major Damage,Fire,19,3,0,1,47790,1,20,14,Full
122,29,1000,1630,1,Masters,Parked Car,Trivial Damage,None,17,1,0,0,3850,0,1,9,Full
156,31,2000,1134,0,PhD,Single Vehicle Collision,Major Damage,Police,3,1,2,0,59000,1,2,13,Full
232,43,500,1484,0,College,Multi-vehicle Collision,Major Damage,Ambulance,17,3,0,0,70600,1,2,21,Full
244,40,2000,1305,0,Masters,Multi-vehicle Collision,Minor Damage,Police,5,3,1,0,61490,0,14,21,Full
84,30,2000,1036,1,MD,Single Vehicle Collision,Minor Damage,Police,9,1,1,1,57640,0,5,9,Full
394,57,500,1401,1,High School,Vehicle Theft,Trivial Damage,Police,9,1,1,0,6890,0,16,36,Full
246,45,1000,1665,0,JD,Multi-vehicle Collision,Major Damage,Fire,9,3,2,0,53280,1,9,25,Full
35,29,2000,654,1,JD,Multi-vehicle Collision,Minor Damage,Fire,22,3,0,0,78300,0,6,13,Full
156,37,500,1080,0,Associate,Multi-vehicle Collision,Major Damage,Ambulance,15,3,0,0,41490,0,14,19,Full
195,36,2000,1346,1,Associate,Multi-vehicle Collision,Total Loss,Fire,14,3,2,1,68970,0,8,17,Full
369,55,2000,1590,0,College,Multi-vehicle Collision,Minor Damage,Police,6,3,2,1,85300,0,12,36,Full
271,40,1000,1252,1,Associate,Parked Car,Minor Damage,None,6,1,0,0,3080,0,3,23,Full
332,47,2000,1083,0,MD,Multi-vehicle Collision,Major Damage,Police,22,4,2,0,71760,1,5,26,Full
107,26,500,975,1,JD,Multi-vehicle Collision,Minor Damage,Ambulance,14,3,1,0,59700,0,13,7,Full
217,39,2000,1400,1,Masters,Multi-vehicle Collision,Minor Damage,Fire,16,3,0,0,64920,0,18,17,Full
243,43,500,1308,1,Associate,Multi-vehicle Collision,Major Damage,Ambulance,10,3,0,0,37530,0,7,23,Full
296,42,2000,1219,0,Associate,Multi-vehicle Collision,Total Loss,Ambulance,9,3,1,0,64080,0,3,21,Full
264,41,500,1411,0,PhD,Single Vehicle Collision,Minor Damage,Other,4,1,1,0,60390,1,11,20,Full
108,33,2000,694,1,JD,Multi-vehicle Collision,Major Damage,Police,6,3,0,1,64350,1,4,14,Full
32,38,500,1007,1,College,Multi-vehicle Collision,Minor Damage,Police,15,3,2,1,70900,0,18,19,Full
259,39,1000,1422,1,JD,Multi-vehicle Collision,Minor Damage,Fire,12,3,1,0,46560,0,3,22,Full
186,33,1000,1348,1,Associate,Vehicle Theft,Trivial Damage,Police,3,1,2,0,4730,1,2,16,Full
201,40,2000,1316,1,PhD,Vehicle Theft,Minor Damage,Police,14,1,0,1,6820,0,12,23,Full
436,58,2000,1407,0,PhD,Single Vehicle Collision,Major Damage,Police,10,1,0,0,59900,1,18,39,Full
189,36,2000,1389,1,MD,Multi-vehicle Collision,Major Damage,Police,17,3,1,1,79560,0,6,14,Full
105,33,500,1311,1,High School,Single Vehicle Collision,Total Loss,Other,8,1,0,0,70290,0,7,15,Full
163,31,1000,1005,0,JD,Multi-vehicle Collision,Total Loss,Ambulance,14,3,2,0,63910,0,16,13,Full
219,40,500,1135,1,Associate,Vehicle Theft,Trivial Damage,None,6,1,1,0,6400,0,18,20,Full
88,25,1000,1194,1,JD,Single Vehicle Collision,Major Damage,Ambulance,6,1,1,1,66780,1,2,6,Full
40,39,1000,1248,1,College,Parked Car,Minor Damage,Police,8,1,0,0,8760,0,2,22,Full
284,42,500,1339,0,Associate,Single Vehicle Collision,Major Damage,Ambulance,13,1,0,0,94160,0,19,24,Full
59,40,2000,782,0,College,Multi-vehicle Collision,Total Loss,Ambulance,0,3,0,0,51570,0,5,21,Full
39,31,2000,1367,1,High School,Multi-vehicle Collision,Major Damage,Fire,14,3,1,0,52700,1,1,10,Full
147,34,1000,1276,0,High School,Single Vehicle Collision,Minor Damage,Fire,13,1,2,0,101010,0,17,13,Full
156,37,500,1091,0,High School,Multi-vehicle Collision,Minor Damage,Police,16,4,1,1,53400,1,5,16,Full
123,31,500,1326,1,Associate,Single Vehicle Collision,Total Loss,Fire,13,1,1,0,72120,0,6,14,Full
231,43,2000,972,0,College,Multi-vehicle Collision,Minor Damage,Police,15,3,2,1,77100,0,5,23,Full
247,39,500,806,1,College,Parked Car,Trivial Damage,Police,3,1,2,0,3300,0,12,21,Full
194,35,500,1416,1,MD,Parked Car,Minor Damage,None,7,1,1,0,5940,0,12,17,Full
119,27,2000,1098,0,High School,Multi-vehicle Collision,Major Damage,Other,16,2,1,0,63720,0,9,11,Full
259,43,500,948,1,Masters,Vehicle Theft,Trivial Damage,Police,15,1,1,0,7680,0,7,26,Full
107,31,2000,1019,0,Associate,Multi-vehicle Collision,Total Loss,Police,21,3,1,0,93730,0,14,10,Full
48,44,2000,1401,0,College,Multi-vehicle Collision,Major Damage,Police,23,3,0,0,87300,0,2,28,Full
267,40,500,1156,0,JD,Parked Car,Trivial Damage,Police,5,1,0,0,5670,0,18,20,Full
286,47,500,1387,0,High School,Multi-vehicle Collision,Minor Damage,Other,15,3,0,0,65800,0,14,31,Full
175,34,500,915,1,JD,Single Vehicle Collision,Major Damage,Other,14,1,2,1,36720,1,6,15,Full
111,29,500,1240,1,PhD,Single Vehicle Collision,Major Damage,Fire,1,1,1,1,52800,1,19,11,Full
151,37,500,1366,1,Associate,Multi-vehicle Collision,Total Loss,Fire,14,3,1,1,59100,1,17,16,Full
156,37,1000,1086,0,Associate,Multi-vehicle Collision,Total Loss,Other,17,3,1,1,77440,0,16,15,Full
165,36,2000,1248,0,Masters,Multi-vehicle Collision,Total Loss,Fire,20,3,2,0,45700,0,7,15,Full
253,41,2000,1313,1,PhD,Multi-vehicle Collision,Major Damage,Other,10,3,2,1,80740,1,1,19,Full
10,26,2000,766,0,MD,Multi-vehicle Collision,Major Damage,Ambulance,3,3,0,0,31350,1,14,10,Full
158,33,2000,1327,1,Associate,Single Vehicle Collision,Total Loss,Other,0,1,0,0,35000,0,3,11,Full
436,59,1000,1339,0,PhD,Multi-vehicle Collision,Total Loss,Police,10,3,2,0,68000,0,1,43,Full
91,30,2000,1317,1,Masters,Multi-vehicle Collision,Minor Damage,Other,13,3,2,0,84500,0,6,9,Full
256,42,1000,1286,1,MD,Single Vehicle Collision,Minor Damage,Police,14,1,2,0,75500,0,17,25,Full
274,46,1000,1372,0,High School,Multi-vehicle Collision,Total Loss,Other,22,3,1,0,90600,0,6,29,Full
275,45,2000,1448,1,Associate,Multi-vehicle Collision,Total Loss,Ambulance,8,3,1,0,64320,0,17,29,Full
1,33,500,903,1,High School,Multi-vehicle Collision,Minor Damage,Police,1,3,1,0,31700,0,9,14,Full
85,30,1000,1454,0,Associate,Single Vehicle Collision,Major Damage,Other,19,1,0,1,74280,1,9,14,Full
233,37,2000,1603,1,High School,Single Vehicle Collision,Total Loss,Fire,17,1,0,1,80520,0,10,18,Full
142,30,2000,1617,0,JD,Multi-vehicle Collision,Major Damage,Other,13,3,0,1,63600,0,5,14,Full
266,44,500,1612,0,High School,Single Vehicle Collision,Total Loss,Police,4,1,1,1,32800,0,3,24,Full
350,50,500,889,1,Masters,Multi-vehicle Collision,Total Loss,Police,14,3,0,0,44190,0,0,30,Full
97,26,1000,1252,0,College,Multi-vehicle Collision,Major Damage,Other,4,2,2,0,50400,1,15,10,Full
399,55,2000,996,0,JD,Multi-vehicle Collision,Total Loss,Police,23,3,1,1,88400,0,5,38,Full
305,49,2000,1348,1,High School,Multi-vehicle Collision,Total Loss,Fire,21,3,0,0,66550,0,12,30,Full
276,47,1000,1724,0,PhD,Multi-vehicle Collision,Minor Damage,Police,23,3,0,0,65780,0,1,27,Full
257,40,500,1380,0,MD,Multi-vehicle Collision,Major Damage,Other,6,3,0,1,51810,1,13,21,Full
78,31,1000,1555,0,PhD,Single Vehicle Collision,Major Damage,Other,21,1,1,0,55660,1,6,13,Full
129,28,1000,1378,0,Masters,Single Vehicle Collision,Major Damage,Fire,23,1,2,0,44640,0,10,6,Full
283,46,2000,1313,1,PhD,Multi-vehicle Collision,Major Damage,Ambulance,3,3,1,0,77660,1,11,25,Full
85,25,500,1259,1,JD,Parked Car,Trivial Damage,None,8,1,2,0,5640,0,10,8,Full
101,26,1000,1372,1,MD,Parked Car,Trivial Damage,None,4,1,2,0,3190,0,20,9,Full
96,30,500,1399,0,College,Single Vehicle Collision,Total Loss,Fire,22,1,0,1,53440,0,11,12,Full
121,31,1000,1062,1,JD,Single Vehicle Collision,Minor Damage,Police,16,1,0,1,65250,0,13,14,Full
176,39,500,1365,0,College,Multi-vehicle Collision,Minor Damage,Fire,14,3,2,0,44280,0,7,18,Full
159,37,1000,894,0,Associate,Single Vehicle Collision,Total Loss,Police,13,1,2,0,70290,0,16,17,Full
120,30,500,957,1,Associate,Single Vehicle Collision,Minor Damage,Other,20,1,1,1,87100,0,15,9,Full
212,35,2000,1124,0,MD,Multi-vehicle Collision,Total Loss,Fire,0,3,1,0,50380,0,19,17,Full
290,45,500,1085,1,JD,Multi-vehicle Collision,Total Loss,Police,23,3,2,0,64800,1,1,24,Full
299,42,2000,1437,1,Associate,Single Vehicle Collision,Minor Damage,Other,13,1,1,0,70400,0,15,21,Full
66,26,1000,988,0,College,Single Vehicle Collision,Major Damage,Police,8,1,2,1,57860,1,7,6,Full
334,47,500,1239,0,Masters,Vehicle Theft,Minor Damage,None,3,1,0,0,6240,0,4,27,Full
216,38,1000,1385,1,Associate,Single Vehicle Collision,Total Loss,Police,16,1,2,0,66600,1,3,17,Full
86,28,2000,1595,0,PhD,Single Vehicle Collision,Minor Damage,Police,19,1,0,1,70920,0,13,7,Full
429,56,1000,1128,0,Associate,Single Vehicle Collision,Minor Damage,Ambulance,0,1,2,1,39480,0,13,38,Full
257,43,2000,930,1,PhD,Single Vehicle Collision,Total Loss,Other,12,1,2,1,63240,0,10,24,Full
15,34,1000,1830,0,JD,Multi-vehicle Collision,Total Loss,Other,21,3,1,0,67650,0,6,13,Full
230,39,1000,905,1,MD,Single Vehicle Collision,Major Damage,Fire,0,1,1,0,74200,1,13,20,Full
250,43,1000,1244,1,JD,Single Vehicle Collision,Minor Damage,Other,22,1,1,0,64900,0,4,21,Full
270,44,2000,1031,1,Associate,Multi-vehicle Collision,Major Damage,Ambulance,20,3,1,0,35900,1,8,22,Full
65,26,500,1285,1,High School,Single Vehicle Collision,Minor Damage,Fire,0,1,1,0,52200,0,4,9,Full
475,57,500,1217,0,Masters,Single Vehicle Collision,Minor Damage,Police,20,1,0,0,78000,0,15,35,Full
77,27,2000,966,1,High School,Multi-vehicle Collision,Minor Damage,Ambulance,1,3,0,0,67200,0,20,9,Full
256,43,500,1203,1,MD,Single Vehicle Collision,Total Loss,Fire,11,1,0,0,63250,0,18,23,Full
229,37,2000,1212,1,MD,Multi-vehicle Collision,Major Damage,Other,14,3,1,1,68760,0,20,18,Full
110,28,1000,1574,0,College,Multi-vehicle Collision,Minor Damage,Police,20,3,0,0,65040,0,5,9,Full
177,33,1000,1610,0,College,Single Vehicle Collision,Major Damage,Ambulance,22,1,1,0,82800,1,11,16,Full
292,44,500,1098,0,PhD,Single Vehicle Collision,Total Loss,Other,12,1,1,1,61700,0,10,27,Full
451,61,2000,1619,1,Associate,Multi-vehicle Collision,Major Damage,Ambulance,3,3,2,1,78100,1,18,40,Full
61,24,500,923,1,College,Multi-vehicle Collision,Major Damage,Ambulance,15,3,2,0,65520,1,4,2,P1
150,30,1000,1342,0,MD,Parked Car,Trivial Damage,None,8,1,0,0,4500,0,16,9,Full
283,41,500,1195,1,Associate,Multi-vehicle Collision,Major Damage,Other,13,3,0,0,42700,1,4,24,Full
291,46,1000,995,1,High School,Parked Car,Minor Damage,Police,8,1,2,1,5580,1,10,29,Full
162,31,1000,1050,1,Masters,Parked Car,Minor Damage,None,7,1,0,0,3600,1,2,13,Full
154,36,2000,1314,1,Masters,Vehicle Theft,Trivial Damage,None,9,1,2,0,2800,0,0,20,Full
289,47,2000,1102,1,Associate,Single Vehicle Collision,Minor Damage,Ambulance,15,1,1,1,54000,0,19,28,Full
10,19,1000,1186,1,JD,Single Vehicle Collision,Minor Damage,Police,5,1,0,0,48950,1,4,2,P1
309,47,500,1528,0,PhD,Multi-vehicle Collision,Major Damage,Other,15,4,0,0,77800,0,13,27,Full
396,57,1000,1366,0,High School,Multi-vehicle Collision,Major Damage,Other,22,3,2,0,52560,0,20,38,Full
273,41,1000,1404,1,PhD,Multi-vehicle Collision,Total Loss,Police,16,2,1,1,44110,0,0,24,Full
129,30,2000,927,1,PhD,Single Vehicle Collision,Total Loss,Other,7,1,1,0,74360,0,6,13,Full
140,31,2000,1555,1,JD,Parked Car,Minor Damage,None,2,1,1,0,6120,1,13,13,Full
419,53,2000,736,0,College,Multi-vehicle Collision,Minor Damage,Police,17,4,0,1,62280,0,3,37,Full
315,44,1000,974,1,Masters,Multi-vehicle Collision,Total Loss,Other,12,3,1,1,26730,0,9,22,Full
72,29,500,974,1,Associate,Single Vehicle Collision,Major Damage,Ambulance,9,1,1,0,66200,0,2,13,Full
32,26,2000,1260,0,JD,Single Vehicle Collision,Total Loss,Fire,16,1,1,0,45500,0,6,8,Full
230,41,1000,1464,0,JD,Multi-vehicle Collision,Minor Damage,Ambulance,19,3,2,0,53040,0,9,21,Full
157,32,2000,617,0,College,Multi-vehicle Collision,Major Damage,Other,14,3,1,0,50800,1,2,10,Full
265,41,2000,1724,1,Associate,Multi-vehicle Collision,Total Loss,Police,18,3,1,0,44200,0,1,25,Full
47,34,500,1161,1,PhD,Single Vehicle Collision,Minor Damage,Police,23,1,1,0,62920,0,3,14,Full
113,29,2000,1092,0,PhD,Multi-vehicle Collision,Minor Damage,Other,15,3,0,1,49950,1,11,10,Full
289,46,2000,1209,0,JD,Single Vehicle Collision,Minor Damage,Ambulance,18,1,0,1,56430,1,20,27,Full
254,41,2000,1241,1,Masters,Single Vehicle Collision,Minor Damage,Police,16,1,2,1,100210,0,1,25,Full
115,30,500,1757,0,High School,Multi-vehicle Collision,Minor Damage,Fire,12,3,1,1,49140,0,8,14,Full
236,38,1000,802,1,College,Single Vehicle Collision,Major Damage,Ambulance,16,1,0,0,66840,0,1,19,Full
7,21,1000,1343,0,Associate,Single Vehicle Collision,Total Loss,Other,21,1,1,0,62460,0,12,0,Ls
208,36,2000,1209,0,JD,Multi-vehicle Collision,Total Loss,Other,15,3,0,0,62810,0,16,17,Full
126,33,1000,1142,1,JD,Single Vehicle Collision,Major Damage,Ambulance,21,1,1,0,54160,0,6,11,Full
48,35,500,1090,1,JD,Single Vehicle Collision,Major Damage,Ambulance,1,1,0,0,48400,0,10,19,Full
297,48,1000,1465,0,PhD,Multi-vehicle Collision,Total Loss,Fire,17,3,0,0,51480,0,2,29,Full
160,36,1000,1119,1,High School,Multi-vehicle Collision,Total Loss,Fire,5,3,2,0,51700,0,12,20,Full
406,58,2000,1117,0,MD,Multi-vehicle Collision,Total Loss,Other,15,3,1,0,65520,0,6,37,Full
157,31,500,1258,0,High School,Multi-vehicle Collision,Major Damage,Other,2,4,2,0,47700,1,4,13,Full
146,31,2000,1083,1,PhD,Vehicle Theft,Minor Damage,None,3,1,2,0,5220,0,0,14,Full
409,57,1000,1192,0,High School,Single Vehicle Collision,Major Damage,Other,19,1,1,0,73320,0,3,41,Full
252,46,1000,1242,0,Masters,Single Vehicle Collision,Minor Damage,Fire,17,1,0,1,74900,0,12,26,Full
6,27,500,1076,1,High School,Vehicle Theft,Trivial Damage,Police,7,1,0,1,3190,0,0,11,Full
103,33,1000,970,0,MD,Single Vehicle Collision,Minor Damage,Ambulance,21,1,1,1,76920,0,13,14,Full
369,53,2000,1460,1,Masters,Multi-vehicle Collision,Total Loss,Police,10,2,1,0,77990,0,3,33,Full
261,46,1000,1246,0,MD,Single Vehicle Collision,Total Loss,Fire,11,1,1,0,59670,0,7,26,Full
159,33,2000,1463,1,College,Multi-vehicle Collision,Major Damage,Ambulance,23,3,2,0,44880,1,11,16,Full
344,51,2000,1398,0,Associate,Single Vehicle Collision,Minor Damage,Ambulance,14,1,0,0,82830,0,11,35,Full
437,60,1000,1270,1,College,Single Vehicle Collision,Minor Damage,Other,10,1,1,0,84480,1,3,42,Full
65,30,500,1456,1,College,Multi-vehicle Collision,Total Loss,Fire,6,3,2,0,79800,0,16,8,Full
280,41,2000,1140,0,MD,Multi-vehicle Collision,Minor Damage,Police,10,3,0,1,53020,0,16,19,Full
269,45,500,1330,1,High School,Multi-vehicle Collision,Total Loss,Police,5,3,0,0,24200,0,7,25,Full
275,40,2000,1191,0,Masters,Single Vehicle Collision,Minor Damage,Fire,17,1,1,1,43230,0,14,20,Full
265,45,500,972,1,College,Vehicle Theft,Trivial Damage,None,3,1,2,0,3190,0,20,27,Full
283,43,2000,1162,1,Associate,Parked Car,Minor Damage,None,9,1,0,0,5850,0,9,23,Full
84,29,1000,1117,1,High School,Parked Car,Trivial Damage,Police,6,1,2,1,6820,0,10,7,Full
247,44,2000,1102,1,College,Multi-vehicle Collision,Minor Damage,Fire,22,3,2,0,69480,0,7,25,Full
56,29,1000,1523,0,Masters,Multi-vehicle Collision,Major Damage,Fire,10,3,1,1,94560,0,20,11,Full
210,39,1000,984,0,Associate,Vehicle Theft,Minor Damage,None,4,1,1,0,7800,0,18,20,Full
108,32,2000,1257,1,High School,Single Vehicle Collision,Total Loss,Other,23,1,1,0,61270,0,16,16,Full
328,49,500,1435,1,Masters,Single Vehicle Collision,Total Loss,Police,19,1,0,1,71440,0,10,28,Full
186,37,2000,1628,1,JD,Single Vehicle Collision,Total Loss,Ambulance,22,1,1,1,55600,0,6,16,Full
277,44,500,1412,0,High School,Vehicle Theft,Trivial Damage,Police,6,1,1,0,5000,0,10,23,Full
138,33,500,1363,1,JD,Single Vehicle Collision,Minor Damage,Other,6,1,2,0,95810,0,8,17,Full
208,41,1000,1135,1,College,Single Vehicle Collision,Major Damage,Ambulance,18,1,2,0,69300,0,19,25,Full
147,37,1000,1307,0,MD,Single Vehicle Collision,Total Loss,Ambulance,22,1,1,0,81120,0,20,16,Full
8,21,500,1022,0,High School,Single Vehicle Collision,Major Damage,Other,21,1,0,0,91260,0,3,2,P1
297,48,1000,1539,1,MD,Single Vehicle Collision,Minor Damage,Fire,12,1,0,0,60600,0,11,28,Full
150,31,1000,1354,0,Masters,Multi-vehicle Collision,Major Damage,Ambulance,6,3,0,1,64800,1,15,11,Full
4,34,500,1283,1,College,Multi-vehicle Collision,Major Damage,Police,0,4,0,0,66880,1,19,13,Full
210,35,1000,1346,0,Masters,Single Vehicle Collision,Total Loss,Ambulance,11,1,0,0,58200,0,2,17,Full
91,31,1000,1338,1,High School,Single Vehicle Collision,Minor Damage,Police,19,1,1,0,60570,0,4,13,Full
167,36,1000,949,1,Masters,Multi-vehicle Collision,Major Damage,Ambulance,22,3,0,0,69680,1,7,16,Full
467,58,2000,977,0,Masters,Single Vehicle Collision,Total Loss,Fire,2,1,2,0,55700,0,1,36,Full
264,47,2000,1181,1,JD,Multi-vehicle Collision,Total Loss,Ambulance,16,4,1,1,62370,0,14,30,Full
270,45,500,1188,1,PhD,Multi-vehicle Collision,Total Loss,Other,23,3,0,1,54340,0,10,26,Full
310,48,1000,845,1,Masters,Single Vehicle Collision,Major Damage,Police,21,1,1,0,55170,1,10,29,Full
143,34,500,1442,0,College,Single Vehicle Collision,Minor Damage,Other,10,1,2,1,58500,0,16,15,Full
146,32,2000,1276,0,Associate,Single Vehicle Collision,Major Damage,Fire,12,1,0,0,59940,0,20,15,Full
102,28,500,1075,0,MD,Single Vehicle Collision,Total Loss,Police,6,1,1,0,73400,0,19,10,Full
61,23,500,1112,0,JD,Single Vehicle Collision,Major Damage,Fire,6,1,1,0,41850,0,18,2,P1
255,44,2000,815,1,PhD,Parked Car,Trivial Damage,Police,7,1,2,0,6400,1,10,26,Full
211,40,1000,1576,1,PhD,Vehicle Theft,Trivial Damage,Police,3,1,1,0,3190,0,11,21,Full
61,29,1000,1115,0,JD,Parked Car,Trivial Damage,None,10,1,2,1,5900,0,5,7,Full
108,31,2000,1176,0,Masters,Single Vehicle Collision,Total Loss,Fire,14,1,0,0,57330,0,9,10,Full
303,50,500,793,0,MD,Multi-vehicle Collision,Total Loss,Other,17,3,0,0,81960,0,7,32,Full
152,33,500,943,1,PhD,Single Vehicle Collision,Major Damage,Fire,16,1,0,0,70400,1,14,14,Full
120,34,1000,1057,1,JD,Parked Car,Minor Damage,None,3,1,2,0,3770,0,13,14,Full
144,36,2000,1256,1,Associate,Parked Car,Minor Damage,None,7,1,0,0,7400,0,1,16,Full
414,52,500,1335,1,High School,Single Vehicle Collision,Total Loss,Police,13,1,1,0,54810,1,16,34,Full
163,37,500,1179,1,JD,Single Vehicle Collision,Total Loss,Fire,20,1,2,1,49400,0,10,16,Full
352,53,500,1793,0,Associate,Single Vehicle Collision,Minor Damage,Fire,23,1,2,0,68750,0,6,36,Full
27,32,500,1008,1,PhD,Single Vehicle Collision,Total Loss,Ambulance,11,1,1,0,61500,0,2,10,Full
239,39,500,1397,1,Masters,Multi-vehicle Collision,Major Damage,Ambulance,0,4,0,0,76890,0,8,21,Full
33,32,500,1403,1,PhD,Single Vehicle Collision,Minor Damage,Ambulance,2,1,0,0,56070,0,3,11,Full
88,30,1000,1438,1,College,Single Vehicle Collision,Total Loss,Fire,3,1,2,1,56000,0,12,14,Full
101,33,1000,1314,1,College,Parked Car,Trivial Damage,None,3,1,1,0,4290,0,18,11,Full
20,37,500,1482,1,Associate,Multi-vehicle Collision,Total Loss,Other,15,3,2,0,60750,0,12,18,Full
126,30,2000,1172,1,Associate,Single Vehicle Collision,Minor Damage,Other,23,1,2,0,48730,0,4,14,Full
264,43,2000,1353,0,Associate,Multi-vehicle Collision,Minor Damage,Police,9,3,2,0,95150,0,8,25,Full
78,24,500,1176,0,Masters,Vehicle Theft,Minor Damage,Police,20,1,0,1,7480,0,12,4,P2
123,28,2000,1836,0,Masters,Single Vehicle Collision,Major Damage,Ambulance,5,1,2,1,79800,1,4,9,Full
347,51,500,1481,1,MD,Single Vehicle Collision,Total Loss,Other,15,1,0,0,103560,0,18,33,Full
163,38,2000,1454,1,PhD,Single Vehicle Collision,Minor Damage,Ambulance,13,1,2,0,79500,0,20,21,Full
271,44,500,1341,1,High School,Single Vehicle Collision,Minor Damage,Other,16,1,2,0,76230,1,18,26,Full
410,54,2000,714,0,MD,Single Vehicle Collision,Minor Damage,Ambulance,0,1,0,0,59520,0,14,37,Full
448,57,2000,1376,1,PhD,Multi-vehicle Collision,Major Damage,Police,10,3,2,0,47760,1,2,37,Full
218,41,500,914,0,JD,Multi-vehicle Collision,Total Loss,Police,14,3,2,0,84590,0,2,20,Full
43,38,1000,1601,0,PhD,Multi-vehicle Collision,Total Loss,Other,1,3,2,0,61650,0,9,21,Full
33,33,1000,1097,1,Associate,Single Vehicle Collision,Major Damage,Police,16,1,2,0,81400,0,17,11,Full
126,34,2000,1078,1,Masters,Multi-vehicle Collision,Major Damage,Fire,2,3,0,1,58410,0,8,12,Full
411,56,1000,1595,1,College,Multi-vehicle Collision,Major Damage,Ambulance,23,3,0,0,38610,0,8,40,Full
225,37,1000,1218,1,High School,Multi-vehicle Collision,Minor Damage,Fire,19,3,2,0,57600,0,0,16,Full
35,35,2000,1117,1,PhD,Multi-vehicle Collision,Minor Damage,Fire,23,3,2,0,53190,0,19,19,Full
460,57,2000,1567,1,JD,Single Vehicle Collision,Major Damage,Other,10,1,2,0,58300,1,1,41,Full
195,38,2000,1295,0,MD,Multi-vehicle Collision,Minor Damage,Ambulance,12,3,1,0,64620,0,12,22,Full
360,51,1000,1152,0,PhD,Multi-vehicle Collision,Total Loss,Ambulance,15,3,2,1,90480,0,15,29,Full
300,49,1000,1441,1,PhD,Vehicle Theft,Trivial Damage,None,3,1,1,0,7080,0,14,33,Full
245,42,1000,1576,0,JD,Parked Car,Minor Damage,Police,19,1,2,0,6490,1,4,25,Full
146,36,2000,1234,1,Masters,Multi-vehicle Collision,Total Loss,Police,16,3,1,0,55900,0,0,20,Full
67,29,1000,1861,0,High School,Single Vehicle Collision,Major Damage,Other,16,1,0,1,63800,1,17,10,Full
380,56,1000,1571,0,MD,Single Vehicle Collision,Total Loss,Police,10,1,0,1,58160,1,19,34,Full
389,53,2000,791,0,Masters,Vehicle Theft,Minor Damage,Police,6,1,1,0,6300,1,14,36,Full
317,46,1000,1013,0,MD,Single Vehicle Collision,Major Damage,Fire,18,1,2,0,104610,1,16,26,Full
264,44,500,1047,0,College,Multi-vehicle Collision,Major Damage,Fire,20,3,0,0,69850,0,16,27,Full
20,21,1000,1390,1,Masters,Single Vehicle Collision,Minor Damage,Fire,14,1,0,0,62900,0,9,3,P2
116,30,500,951,0,JD,Multi-vehicle Collision,Major Damage,Other,8,3,0,0,59670,1,11,10,Full
222,40,1000,1227,0,JD,Multi-vehicle Collision,Minor Damage,Other,17,2,2,0,81500,0,2,24,Full
439,56,500,1281,0,High School,Single Vehicle Collision,Minor Damage,Ambulance,9,1,2,0,50000,0,6,40,Full
66,28,2000,1473,0,Associate,Single Vehicle Collision,Total Loss,Other,0,1,2,0,48290,0,20,10,Full
128,29,1000,1878,0,High School,Single Vehicle Collision,Total Loss,Fire,2,1,0,0,59070,0,12,8,Full
69,24,500,1418,1,High School,Multi-vehicle Collision,Minor Damage,Police,23,3,0,0,63300,0,3,8,Full
294,46,500,1533,0,College,Single Vehicle Collision,Total Loss,Other,8,1,0,1,65780,0,2,26,Full
19,29,500,1304,0,JD,Multi-vehicle Collision,Total Loss,Ambulance,6,3,0,0,75400,1,10,9,Full
191,33,2000,1552,0,High School,Vehicle Theft,Minor Damage,None,3,1,1,0,2250,0,10,13,Full
4,39,1000,1327,1,High School,Multi-vehicle Collision,Minor Damage,Ambulance,14,3,1,0,54120,0,8,22,Full
298,49,500,863,0,MD,Multi-vehicle Collision,Major Damage,Other,16,3,0,0,69480,0,8,27,Full
231,43,2000,1332,1,Masters,Single Vehicle Collision,Minor Damage,Police,12,1,1,0,66950,0,0,21,Full
338,47,2000,1486,1,Associate,Multi-vehicle Collision,Major Damage,Other,1,3,2,0,64100,1,1,30,Full
261,46,1000,871,0,PhD,Single Vehicle Collision,Minor Damage,Other,19,1,0,0,80280,0,2,26,Full
321,44,2000,1345,0,Associate,Vehicle Theft,Trivial Damage,Police,7,1,1,0,4680,0,16,27,Full
0,32,1000,1377,0,College,Multi-vehicle Collision,Minor Damage,Ambulance,6,4,1,0,39720,0,13,11,Full
405,58,500,1238,0,MD,Single Vehicle Collision,Major Damage,Police,11,1,0,0,63580,1,18,41,Full
304,49,1000,1526,1,PhD,Single Vehicle Collision,Minor Damage,Other,2,1,1,1,73370,0,2,30,Full
1,29,500,855,1,JD,Single Vehicle Collision,Minor Damage,Police,15,1,2,1,86790,0,12,8,Full
26,39,1000,771,0,Masters,Single Vehicle Collision,Major Damage,Police,0,1,0,0,49800,0,0,22,Full
202,38,2000,1133,1,Associate,Single Vehicle Collision,Major Damage,Other,12,1,1,0,77440,0,10,19,Full
289,48,500,1173,1,PhD,Single Vehicle Collision,Total Loss,Other,1,1,1,0,42900,0,16,27,Full
61,26,2000,1188,1,JD,Multi-vehicle Collision,Major Damage,Fire,16,2,1,0,53820,1,0,7,Full
334,46,1000,877,0,MD,Single Vehicle Collision,Minor Damage,Police,2,1,2,0,57330,0,17,24,Full
12,24,1000,1144,1,PhD,Multi-vehicle Collision,Minor Damage,Police,13,3,2,0,53370,0,4,2,P1
86,29,2000,1409,0,High School,Single Vehicle Collision,Minor Damage,Police,0,1,2,1,62920,0,10,12,Full
83,24,1000,1071,1,High School,Multi-vehicle Collision,Total Loss,Fire,0,3,0,0,61600,0,12,7,Full
126,30,2000,916,0,College,Multi-vehicle Collision,Total Loss,Police,16,3,2,0,74160,0,13,13,Full
209,38,500,1192,0,High School,Single Vehicle Collision,Total Loss,Police,8,1,2,0,80100,0,0,16,Full
283,48,1000,1475,1,JD,Parked Car,Trivial Damage,Police,9,1,2,0,6560,0,12,32,Full
194,34,1000,1193,0,JD,Single Vehicle Collision,Total Loss,Ambulance,11,1,2,1,58800,0,18,15,Full
184,38,1000,1438,1,College,Multi-vehicle Collision,Minor Damage,Ambulance,6,3,0,0,53730,1,2,22,Full
479,60,2000,1305,1,College,Single Vehicle Collision,Total Loss,Ambulance,18,1,0,0,60600,0,14,40,Full
284,48,1000,1169,1,JD,Single Vehicle Collision,Total Loss,Other,11,1,0,1,35750,0,14,31,Full
65,27,1000,1165,1,College,Single Vehicle Collision,Total Loss,Ambulance,17,1,1,1,42840,0,11,7,Full
222,39,1000,1233,0,High School,Multi-vehicle Collision,Major Damage,Fire,21,3,1,0,87960,1,16,18,Full
196,41,2000,1801,0,JD,Multi-vehicle Collision,Minor Damage,Ambulance,0,3,1,0,47800,0,6,25,Full
253,43,500,1187,1,Associate,Vehicle Theft,Trivial Damage,Police,9,1,0,0,3840,0,1,24,Full
280,43,1000,1559,0,JD,Single Vehicle Collision,Total Loss,Fire,1,1,0,0,77000,0,11,21,Full
5,26,2000,1137,1,PhD,Single Vehicle Collision,Total Loss,Ambulance,22,1,1,0,88110,0,12,8,Full
220,42,1000,1282,0,College,Multi-vehicle Collision,Minor Damage,Fire,20,4,0,1,47740,0,10,25,Full
85,30,1000,796,1,MD,Multi-vehicle Collision,Total Loss,Fire,9,3,2,1,58960,0,11,10,Full
266,46,500,1270,1,Associate,Parked Car,Minor Damage,Police,5,1,1,0,2160,0,11,26,Full
41,26,1000,1383,1,JD,Vehicle Theft,Trivial Damage,Police,12,1,1,0,6890,0,18,6,Full
316,45,2000,1291,1,High School,Multi-vehicle Collision,Major Damage,Ambulance,6,3,2,1,78870,0,2,29,Full
285,47,1000,1217,1,Masters,Vehicle Theft,Trivial Damage,Police,8,1,1,0,2700,0,2,31,Full
379,54,500,1251,1,Associate,Single Vehicle Collision,Total Loss,Ambulance,14,1,0,0,75960,0,5,36,Full
15,34,2000,1586,1,High School,Single Vehicle Collision,Major Damage,Police,10,1,1,0,75570,1,5,13,Full
354,48,2000,1526,1,Masters,Single Vehicle Collision,Minor Damage,Police,12,1,2,1,90240,0,20,32,Full
342,53,1000,1028,1,College,Single Vehicle Collision,Major Damage,Ambulance,12,1,0,0,80960,0,15,31,Full
169,38,1000,1556,0,PhD,Multi-vehicle Collision,Total Loss,Other,12,3,1,1,79080,0,3,19,Full
339,49,2000,1571,0,JD,Vehicle Theft,Minor Damage,None,13,1,0,0,6820,0,6,30,Full
259,42,2000,1171,1,PhD,Multi-vehicle Collision,Total Loss,Fire,17,3,1,1,62590,0,9,22,Full
65,23,1000,1100,1,College,Single Vehicle Collision,Major Damage,Other,14,1,1,1,52400,1,10,1,P1
254,46,2000,1472,0,MD,Multi-vehicle Collision,Major Damage,Ambulance,3,3,1,1,63580,0,11,29,Full
440,55,500,1276,1,Associate,Multi-vehicle Collision,Minor Damage,Police,18,3,2,0,61400,0,20,35,Full
478,63,1000,1292,0,High School,Parked Car,Minor Damage,None,5,1,1,0,4700,1,8,44,Full
230,44,2000,1009,1,College,Single Vehicle Collision,Total Loss,Fire,19,1,0,1,74140,0,0,25,Full
138,30,500,1093,1,PhD,Single Vehicle Collision,Major Damage,Other,0,1,2,0,83160,0,4,11,Full
239,41,1000,1325,1,JD,Parked Car,Trivial Damage,Police,22,1,0,1,10790,0,2,21,Full
93,31,2000,1017,1,MD,Multi-vehicle Collision,Major Damage,Police,21,3,1,0,48070,0,1,13,Full
37,25,1000,1221,1,Masters,Multi-vehicle Collision,Minor Damage,Ambulance,4,3,0,1,51030,0,19,8,Full
254,40,500,1928,0,MD,Single Vehicle Collision,Minor Damage,Fire,10,1,0,0,43280,1,19,22,Full
131,29,1000,978,1,Associate,Single Vehicle Collision,Major Damage,Fire,5,1,1,0,76400,0,12,11,Full
230,43,2000,1221,0,MD,Single Vehicle Collision,Total Loss,Ambulance,13,1,0,0,75460,0,13,26,Full
313,50,2000,1256,0,MD,Multi-vehicle Collision,Major Damage,Other,18,3,2,1,69000,1,20,31,Full
210,38,500,1000,0,JD,Vehicle Theft,Minor Damage,Police,6,1,1,0,8640,0,7,19,Full
101,29,500,1381,0,PhD,Multi-vehicle Collision,Minor Damage,Ambulance,0,3,2,0,67210,0,19,9,Full
153,37,500,1011,0,High School,Multi-vehicle Collision,Total Loss,Ambulance,5,3,0,0,42500,0,16,17,Full
337,53,500,1206,0,Associate,Single Vehicle Collision,Minor Damage,Fire,8,1,0,0,86400,0,14,35,Full
360,51,1000,1527,0,Masters,Vehicle Theft,Minor Damage,Police,5,1,2,0,4620,1,6,34,Full
428,53,1000,1496,1,High School,Parked Car,Trivial Damage,Police,9,1,2,0,6930,0,2,36,Full
204,40,500,1256,1,JD,Multi-vehicle Collision,Minor Damage,Other,10,3,1,1,41700,0,2,24,Full
364,51,500,1268,0,Masters,Single Vehicle Collision,Major Damage,Other,16,1,2,0,77330,1,1,35,Full
185,35,2000,1422,0,College,Vehicle Theft,Trivial Damage,Police,8,1,2,1,4950,0,4,17,Full
63,26,500,1500,0,PhD,Vehicle Theft,Minor Damage,Police,5,1,0,1,5160,0,11,6,Full
210,35,500,1433,1,College,Multi-vehicle Collision,Total Loss,Fire,11,3,2,0,24570,1,9,16,Full
194,38,2000,1231,1,PhD,Multi-vehicle Collision,Minor Damage,Ambulance,15,3,1,0,53680,0,4,17,Full
294,49,500,1135,0,Masters,Multi-vehicle Collision,Total Loss,Police,23,3,1,1,42900,0,5,27,Full
272,41,2000,946,0,MD,Single Vehicle Collision,Minor Damage,Fire,23,1,0,0,84100,1,6,22,Full
27,27,2000,1119,1,College,Single Vehicle Collision,Total Loss,Fire,23,1,1,0,61560,0,7,9,Full
251,39,2000,1232,1,Associate,Single Vehicle Collision,Minor Damage,Police,10,1,0,0,44240,0,18,22,Full
180,33,2000,1005,1,JD,Multi-vehicle Collision,Minor Damage,Ambulance,12,4,2,1,57700,0,13,17,Full
392,50,2000,1109,1,PhD,Single Vehicle Collision,Minor Damage,Other,4,1,2,1,108030,0,13,30,Full
143,30,500,1392,1,High School,Single Vehicle Collision,Minor Damage,Fire,16,1,2,1,54300,0,5,13,Full
371,54,2000,1318,0,High School,Multi-vehicle Collision,Major Damage,Ambulance,18,3,1,0,32280,1,5,34,Full
292,42,1000,1588,0,JD,Multi-vehicle Collision,Total Loss,Other,15,3,1,0,84600,0,8,22,Full
165,35,500,900,0,College,Single Vehicle Collision,Total Loss,Other,8,1,1,1,69700,0,7,17,Full
158,33,1000,1745,0,JD,Multi-vehicle Collision,Total Loss,Ambulance,4,3,0,0,36400,0,17,17,Full
241,39,1000,1261,1,JD,Multi-vehicle Collision,Minor Damage,Police,20,3,0,1,37520,0,5,23,Full
103,33,2000,1021,1,Masters,Multi-vehicle Collision,Major Damage,Ambulance,1,3,2,0,79090,0,1,12,Full
402,54,2000,1285,0,JD,Single Vehicle Collision,Major Damage,Other,19,1,0,1,67770,1,2,35,Full
102,32,500,1537,0,JD,Single Vehicle Collision,Total Loss,Other,11,1,1,0,47400,1,11,15,Full
182,40,1000,1022,0,PhD,Single Vehicle Collision,Total Loss,Other,13,1,0,0,71100,0,7,19,Full
282,46,2000,1559,0,MD,Single Vehicle Collision,Minor Damage,Police,2,1,2,0,69400,0,3,25,Full
222,39,500,1758,0,High School,Multi-vehicle Collision,Major Damage,Other,9,3,2,0,55000,1,19,22,Full
415,52,1000,974,0,PhD,Multi-vehicle Collision,Total Loss,Police,15,2,1,1,51090,0,12,31,Full
51,34,500,1431,0,PhD,Single Vehicle Collision,Major Damage,Fire,23,1,2,0,64200,1,8,12,Full
255,45,500,1192,0,High School,Single Vehicle Collision,Total Loss,Other,16,1,2,1,67320,0,9,29,Full
143,31,500,1164,0,Associate,Multi-vehicle Collision,Major Damage,Other,21,4,2,0,76120,0,16,9,Full
130,28,1000,1003,1,JD,Multi-vehicle Collision,Minor Damage,Ambulance,21,2,2,0,85020,0,5,8,Full
242,41,2000,1154,0,Masters,Multi-vehicle Collision,Minor Damage,Fire,3,3,0,0,68090,0,6,22,Full
96,27,1000,1631,1,High School,Parked Car,Trivial Damage,Police,4,1,1,0,6030,0,8,6,Full
180,35,1000,1252,0,MD,Vehicle Theft,Minor Damage,None,17,1,1,0,5100,0,15,16,Full
150,30,1000,1677,0,College,Vehicle Theft,Trivial Damage,Police,7,1,1,1,4590,0,2,10,Full
463,59,1000,980,1,JD,Multi-vehicle Collision,Major Damage,Other,14,2,1,0,72400,1,16,40,Full
472,64,500,989,0,Masters,Single Vehicle Collision,Major Damage,Fire,13,1,2,0,70900,0,13,42,Full
75,25,1000,1390,1,Associate,Multi-vehicle Collision,Total Loss,Other,23,2,2,1,65100,0,4,5,Full
193,40,500,1234,1,College,Multi-vehicle Collision,Total Loss,Ambulance,23,3,2,1,64260,0,16,21,Full
43,43,500,1320,1,Associate,Single Vehicle Collision,Major Damage,Ambulance,16,1,2,0,79970,1,19,27,Full
253,41,1000,1435,1,College,Single Vehicle Collision,Total Loss,Police,17,1,2,0,56610,0,20,20,Full
152,30,500,1449,1,JD,Single Vehicle Collision,Major Damage,Fire,9,1,1,0,84590,1,15,11,Full
160,38,500,1734,0,High School,Multi-vehicle Collision,Major Damage,Fire,13,3,2,1,66780,0,19,19,Full
56,36,500,1533,0,JD,Single Vehicle Collision,Major Damage,Police,13,1,1,1,58500,0,14,14,Full
286,41,500,1107,1,College,Parked Car,Trivial Damage,Police,3,1,2,0,5000,0,12,24,Full
3,29,500,996,1,JD,Parked Car,Trivial Damage,Police,3,1,2,0,5000,1,7,10,Full
286,41,1000,1299,1,High School,Multi-vehicle Collision,Major Damage,Ambulance,16,3,1,1,54450,0,8,20,Full
239,38,1000,1277,1,Masters,Multi-vehicle Collision,Major Damage,Police,12,3,1,0,61920,0,12,17,Full
64,29,2000,1202,0,High School,Single Vehicle Collision,Minor Damage,Ambulance,4,1,1,0,43700,1,8,9,Full
98,31,500,672,0,Masters,Single Vehicle Collision,Minor Damage,Other,3,1,2,0,64080,0,18,15,Full
16,35,1000,1358,0,JD,Single Vehicle Collision,Total Loss,Other,0,1,2,0,55000,1,7,16,Full
70,27,1000,1009,1,Masters,Vehicle Theft,Trivial Damage,Police,19,1,2,0,4400,0,15,5,Full
75,27,1000,1141,0,JD,Multi-vehicle Collision,Minor Damage,Police,15,2,0,1,71640,0,7,11,Full
246,44,1000,1397,0,High School,Single Vehicle Collision,Minor Damage,Other,6,1,1,0,61740,0,18,28,Full
110,27,1000,1665,1,Associate,Single Vehicle Collision,Total Loss,Ambulance,3,1,0,0,57500,0,5,8,Full
236,39,1000,1151,1,Masters,Parked Car,Minor Damage,Police,17,1,0,0,8700,0,12,17,Full
267,46,2000,1546,1,MD,Multi-vehicle Collision,Total Loss,Police,4,4,2,0,77100,0,19,29,Full
463,57,500,1064,0,Masters,Single Vehicle Collision,Minor Damage,Police,14,1,2,1,59400,0,20,39,Full
303,46,1000,709,0,Masters,Multi-vehicle Collision,Minor Damage,Fire,3,3,1,0,54890,0,9,27,Full
137,30,500,1040,0,MD,Multi-vehicle Collision,Minor Damage,Other,4,3,2,0,74030,0,10,12,Full
56,42,500,1339,1,Associate,Single Vehicle Collision,Total Loss,Other,13,1,1,1,61490,0,17,23,Full
75,27,1000,1203,0,High School,Multi-vehicle Collision,Minor Damage,Police,23,3,0,1,79560,0,12,11,Full
131,33,2000,1081,0,MD,Parked Car,Minor Damage,Police,3,1,0,0,4900,0,5,14,Full
153,34,500,991,0,High School,Multi-vehicle Collision,Total Loss,Other,0,3,1,0,77770,0,15,16,Full
255,43,500,984,1,JD,Multi-vehicle Collision,Major Damage,Fire,14,2,2,0,74700,1,8,21,Full
103,26,500,1355,0,MD,Multi-vehicle Collision,Minor Damage,Police,14,2,2,0,40600,0,5,10,Full
97,28,1000,830,0,JD,Single Vehicle Collision,Total Loss,Ambulance,22,1,1,0,45270,0,9,9,Full
214,36,2000,987,1,Associate,Multi-vehicle Collision,Minor Damage,Ambulance,17,3,0,0,47080,0,9,14,Full
438,57,500,1119,1,MD,Single Vehicle Collision,Minor Damage,Police,14,1,0,0,40700,1,15,40,Full
87,27,500,1048,1,Masters,Single Vehicle Collision,Minor Damage,Police,2,1,2,1,34650,0,19,7,Full
27,28,1000,1074,0,MD,Parked Car,Trivial Damage,Police,4,1,2,0,3200,0,3,9,Full
206,42,1000,1231,0,High School,Single Vehicle Collision,Major Damage,Fire,2,1,1,0,78980,1,18,25,Full
127,31,500,1255,0,Associate,Parked Car,Minor Damage,None,10,1,1,0,6160,0,19,13,Full
422,60,1000,1556,1,MD,Single Vehicle Collision,Major Damage,Ambulance,11,1,1,0,85250,0,16,39,Full
303,50,2000,836,0,Masters,Multi-vehicle Collision,Major Damage,Fire,1,4,1,0,72840,0,5,33,Full
228,40,500,1451,0,Associate,Parked Car,Trivial Damage,Police,20,1,0,0,6050,0,5,20,Full
239,39,2000,625,1,JD,Single Vehicle Collision,Major Damage,Fire,10,1,2,1,87890,1,1,22,Full
330,47,2000,1133,1,High School,Multi-vehicle Collision,Total Loss,Other,20,2,0,1,60500,1,16,26,Full
128,35,500,1367,1,MD,Multi-vehicle Collision,Minor Damage,Fire,10,3,2,0,88220,0,7,16,Full
147,37,1000,1440,1,Associate,Multi-vehicle Collision,Total Loss,Other,2,2,1,0,53680,0,11,20,Full
287,45,1000,1231,0,Masters,Single Vehicle Collision,Minor Damage,Fire,19,1,0,0,53800,0,9,26,Full
142,29,2000,1308,1,MD,Single Vehicle Collision,Major Damage,Police,10,1,1,0,54360,1,20,11,Full
162,35,2000,1125,1,Masters,Single Vehicle Collision,Major Damage,Police,14,1,0,1,54340,0,14,15,Full
140,35,1000,1521,1,High School,Parked Car,Trivial Damage,None,5,1,0,1,2860,1,18,14,Full
106,28,2000,1609,0,High School,Vehicle Theft,Minor Damage,Police,8,1,2,1,5490,0,16,11,Full
292,45,1000,1359,0,Masters,Vehicle Theft,Trivial Damage,Police,4,1,0,0,7370,0,18,25,Full
34,34,500,1296,1,PhD,Multi-vehicle Collision,Major Damage,Ambulance,4,3,1,0,50800,1,18,17,Full
290,48,500,1161,0,Associate,Multi-vehicle Collision,Minor Damage,Fire,20,2,1,0,41520,0,1,26,Full
182,38,2000,1441,1,Masters,Single Vehicle Collision,Total Loss,Police,18,1,2,1,89650,0,10,18,Full
362,55,1000,1098,1,JD,Multi-vehicle Collision,Total Loss,Police,0,3,0,0,39690,0,17,38,Full
143,32,1000,1464,1,High School,Single Vehicle Collision,Major Damage,Ambulance,1,1,2,0,62260,0,20,14,Full
183,38,500,1544,1,Masters,Single Vehicle Collision,Major Damage,Police,17,1,0,1,51920,1,14,17,Full
254,40,500,1391,0,College,Single Vehicle Collision,Minor Damage,Other,23,1,2,0,53460,0,6,18,Full
249,43,2000,1149,1,MD,Multi-vehicle Collision,Total Loss,Fire,4,3,2,1,57100,0,1,22,Full
169,36,500,1616,0,High School,Multi-vehicle Collision,Total Loss,Ambulance,0,3,2,0,77440,0,11,18,Full
235,40,500,1399,0,College,Single Vehicle Collision,Minor Damage,Ambulance,11,1,1,0,68300,0,12,21,Full
112,32,1000,1239,0,Associate,Parked Car,Trivial Damage,None,4,1,0,0,5060,0,3,15,Full
16,32,1000,968,0,MD,Multi-vehicle Collision,Total Loss,Ambulance,0,3,0,0,59400,1,20,14,Full
128,31,500,1045,1,High School,Multi-vehicle Collision,Major Damage,Ambulance,2,3,0,0,69930,1,2,13,Full
103,27,1000,1537,1,College,Multi-vehicle Collision,Minor Damage,Police,11,3,1,0,77700,0,7,5,Full
356,54,500,912,0,College,Multi-vehicle Collision,Major Damage,Other,23,3,2,0,68750,1,8,32,Full
109,29,2000,1007,1,High School,Multi-vehicle Collision,Minor Damage,Police,17,3,1,1,91080,0,20,9,Full
2,20,1000,1190,1,High School,Single Vehicle Collision,Minor Damage,Other,22,1,1,1,48360,0,15,2,P1
198,34,1000,1576,0,Associate,Single Vehicle Collision,Major Damage,Other,18,1,1,1,95000,0,14,16,Full
107,32,500,1173,0,Associate,Vehicle Theft,Trivial Damage,Police,8,1,1,0,3900,0,5,13,Full
252,39,500,1312,0,High School,Multi-vehicle Collision,Minor Damage,Other,15,3,0,0,59400,1,5,17,Full
303,43,1000,671,1,Associate,Single Vehicle Collision,Minor Damage,Fire,20,1,2,0,60210,0,2,21,Full
101,32,500,895,0,JD,Single Vehicle Collision,Minor Damage,Ambulance,4,1,0,1,43600,0,5,16,Full
446,57,2000,1373,0,College,Multi-vehicle Collision,Total Loss,Police,10,3,0,0,62800,0,3,36,Full
330,48,1000,1626,0,College,Single Vehicle Collision,Major Damage,Ambulance,10,1,1,0,59500,0,9,28,Full
211,37,2000,1296,1,PhD,Multi-vehicle Collision,Total Loss,Police,22,3,1,0,53460,0,6,19,Full
172,33,1000,1460,1,High School,Multi-vehicle Collision,Total Loss,Ambulance,15,3,0,0,41690,0,16,17,Full
316,46,500,1220,1,Masters,Single Vehicle Collision,Minor Damage,Ambulance,13,1,0,1,63100,0,15,30,Full
435,60,500,1064,0,Associate,Single Vehicle Collision,Total Loss,Ambulance,23,1,2,0,62880,1,8,42,Full
344,51,1000,960,1,Masters,Multi-vehicle Collision,Major Damage,Fire,18,3,2,1,75400,1,9,32,Full
204,40,2000,1767,0,JD,Single Vehicle Collision,Total Loss,Ambulance,7,1,1,0,46200,0,18,19,Full
278,47,500,1285,0,Masters,Single Vehicle Collision,Major Damage,Ambulance,21,1,2,1,58500,0,5,25,Full
434,57,2000,1423,0,JD,Multi-vehicle Collision,Major Damage,Other,15,3,1,0,66240,0,12,35,Full
209,36,2000,1223,1,MD,Multi-vehicle Collision,Total Loss,Ambulance,17,3,1,0,65440,0,1,15,Full
250,43,2000,1539,0,Masters,Single Vehicle Collision,Minor Damage,Fire,2,1,0,0,64200,0,13,22,Full
61,25,2000,988,1,Masters,Multi-vehicle Collision,Minor Damage,Ambulance,1,3,1,0,32320,0,15,3,P2
80,28,1000,1741,1,College,Single Vehicle Collision,Major Damage,Police,3,1,0,0,33480,0,4,11,Full
25,38,1000,1541,0,College,Vehicle Theft,Trivial Damage,None,0,1,1,1,4320,0,20,16,Full
4,29,500,1382,0,High School,Vehicle Theft,Trivial Damage,Police,4,1,0,0,4200,0,7,8,Full
32,29,500,1447,0,MD,Multi-vehicle Collision,Minor Damage,Ambulance,11,3,2,0,57970,0,9,10,Full
125,31,500,1221,0,JD,Parked Car,Trivial Damage,None,4,1,1,0,4320,0,12,13,Full
276,45,500,948,1,High School,Multi-vehicle Collision,Minor Damage,Fire,11,3,0,0,69300,0,5,25,Full
148,30,500,1471,1,Masters,Multi-vehicle Collision,Minor Damage,Police,4,3,2,0,32480,0,18,13,Full
222,38,2000,1158,0,MD,Single Vehicle Collision,Total Loss,Police,20,1,2,1,60480,0,14,21,Full
32,38,2000,566,0,Associate,Parked Car,Trivial Damage,Police,22,1,0,0,2640,0,0,20,Full
78,27,500,1061,0,JD,Parked Car,Trivial Damage,Police,4,1,0,0,6050,0,6,9,Full
238,43,1000,1524,0,High School,Multi-vehicle Collision,Total Loss,Ambulance,21,4,0,0,42700,1,20,23,Full
313,47,1000,1556,0,College,Single Vehicle Collision,Major Damage,Ambulance,20,1,1,0,40260,1,19,25,Full
334,50,500,1216,0,Masters,Single Vehicle Collision,Major Damage,Fire,7,1,2,0,50000,0,7,29,Full
190,35,500,1485,1,High School,Parked Car,Trivial Damage,None,4,1,0,0,3840,0,17,16,Full
194,41,500,1204,0,JD,Multi-vehicle Collision,Minor Damage,Police,17,3,0,0,95900,0,16,19,Full
290,47,1000,1393,0,High School,Multi-vehicle Collision,Minor Damage,Ambulance,20,3,1,1,56160,0,13,27,Full
26,42,1000,1484,0,PhD,Single Vehicle Collision,Major Damage,Police,10,1,2,0,63030,0,19,21,Full
254,41,500,1581,1,PhD,Single Vehicle Collision,Minor Damage,Police,8,1,2,0,63470,0,16,23,Full
199,38,1000,1281,1,High School,Single Vehicle Collision,Major Damage,Police,6,1,0,0,44440,1,8,18,Full
137,35,500,1668,0,JD,Parked Car,Minor Damage,Police,4,1,1,0,6600,0,10,13,Full
134,36,1000,1497,0,PhD,Multi-vehicle Collision,Minor Damage,Ambulance,17,3,2,1,77200,0,19,15,Full
73,30,500,803,1,High School,Multi-vehicle Collision,Total Loss,Other,15,3,0,1,57000,0,2,12,Full
289,45,2000,1221,1,Masters,Vehicle Theft,Trivial Damage,Police,9,1,2,0,2700,0,9,28,Full
176,36,500,1866,0,College,Single Vehicle Collision,Total Loss,Police,17,1,2,1,47300,0,9,16,Full
145,37,2000,1434,1,Associate,Single Vehicle Collision,Major Damage,Other,13,1,2,0,55110,0,13,21,Full
164,31,500,1115,1,Associate,Vehicle Theft,Trivial Damage,Police,5,1,1,0,4320,0,13,14,Full
186,38,2000,1219,1,Masters,Multi-vehicle Collision,Total Loss,Police,23,3,2,0,68760,1,17,22,Full
85,31,2000,1235,1,MD,Multi-vehicle Collision,Major Damage,Other,1,2,2,0,74400,1,12,13,Full
162,33,500,965,1,Associate,Multi-vehicle Collision,Major Damage,Fire,17,4,2,0,35300,1,19,17,Full
396,57,500,1352,0,High School,Parked Car,Minor Damage,None,3,1,1,0,2640,0,15,38,Full
270,41,1000,817,0,High School,Multi-vehicle Collision,Total Loss,Ambulance,17,3,1,0,60190,1,1,20,Full
168,39,1000,1390,1,Masters,Multi-vehicle Collision,Major Damage,Fire,23,3,1,0,41580,1,0,21,Full
274,45,1000,1354,1,JD,Single Vehicle Collision,Minor Damage,Ambulance,13,1,0,0,58500,1,20,29,Full
263,43,1000,1294,1,Masters,Single Vehicle Collision,Minor Damage,Fire,17,1,2,1,79320,0,18,25,Full
152,33,1000,841,1,High School,Single Vehicle Collision,Minor Damage,Ambulance,2,1,0,0,82610,1,13,14,Full
46,41,2000,998,1,MD,Multi-vehicle Collision,Total Loss,Ambulance,23,3,1,0,78600,1,11,25,Full
276,46,2000,1090,0,College,Single Vehicle Collision,Minor Damage,Ambulance,17,1,1,0,51390,1,8,30,Full
234,44,500,1781,0,Associate,Single Vehicle Collision,Major Damage,Ambulance,3,1,1,0,70200,1,3,27,Full
64,30,2000,1681,0,JD,Parked Car,Minor Damage,None,16,1,2,0,4900,0,0,14,Full
456,62,1000,1396,1,MD,Multi-vehicle Collision,Major Damage,Other,13,3,1,0,66480,1,3,41,Full
58,23,2000,1471,0,High School,Single Vehicle Collision,Major Damage,Fire,8,1,2,0,50380,1,8,7,Full
475,61,500,1266,1,Masters,Single Vehicle Collision,Major Damage,Fire,23,1,0,0,64350,0,17,43,Full
96,29,1000,1275,0,College,Multi-vehicle Collision,Major Damage,Ambulance,15,3,2,1,55400,1,11,10,Full
99,28,500,1330,0,MD,Single Vehicle Collision,Total Loss,Other,3,1,2,1,49900,0,17,8,Full
38,28,500,1123,0,Masters,Multi-vehicle Collision,Minor Damage,Ambulance,4,3,0,1,74880,0,15,6,Full
259,44,2000,1656,1,Masters,Single Vehicle Collision,Minor Damage,Other,8,1,0,1,105820,0,13,23,Full
241,43,1000,936,0,Associate,Vehicle Theft,Trivial Damage,Police,21,1,1,1,7150,0,12,24,Full
437,58,2000,1192,0,Associate,Single Vehicle Collision,Total Loss,Ambulance,23,1,0,0,55800,0,11,39,Full
130,34,500,990,0,Masters,Parked Car,Trivial Damage,None,8,1,1,1,5830,0,0,18,Full
269,41,2000,1422,1,Associate,Single Vehicle Collision,Major Damage,Ambulance,21,1,2,0,85900,1,10,19,Full
103,29,500,915,0,Associate,Parked Car,Minor Damage,Police,5,1,2,0,7110,0,10,9,Full
284,43,500,1124,0,PhD,Multi-vehicle Collision,Total Loss,Fire,12,3,0,1,36960,0,8,21,Full
189,39,2000,838,1,College,Multi-vehicle Collision,Minor Damage,Police,7,3,2,1,64400,0,18,19,Full
267,43,500,1301,0,PhD,Parked Car,Minor Damage,None,0,1,1,1,1920,0,4,24,Full
39,22,500,1173,0,JD,Single Vehicle Collision,Major Damage,Police,14,1,0,1,86130,1,6,0,Ls
140,32,1000,986,1,College,Single Vehicle Collision,Major Damage,Fire,13,1,2,0,82170,1,20,14,Full
243,41,1000,1129,1,College,Single Vehicle Collision,Major Damage,Fire,1,1,1,1,50300,1,16,21,Full
116,31,500,1195,1,MD,Single Vehicle Collision,Major Damage,Police,23,1,0,0,44200,0,18,11,Full
219,43,1000,1114,1,High School,Single Vehicle Collision,Major Damage,Ambulance,1,1,2,1,66660,0,9,21,Full
96,26,2000,1509,1,Associate,Single Vehicle Collision,Total Loss,Ambulance,9,1,2,0,78320,0,8,5,Full
149,34,500,665,1,PhD,Single Vehicle Collision,Total Loss,Fire,3,1,0,0,105040,0,16,15,Full
246,43,1000,1267,0,JD,Single Vehicle Collision,Minor Damage,Fire,0,1,2,0,50700,0,9,22,Full
293,45,1000,1119,1,MD,Multi-vehicle Collision,Total Loss,Fire,13,3,1,0,51210,0,0,24,Full
339,48,500,1699,0,JD,Multi-vehicle Collision,Total Loss,Fire,18,3,2,0,51840,0,14,31,Full
160,33,1000,1423,1,High School,Multi-vehicle Collision,Total Loss,Ambulance,17,3,2,1,52800,0,9,13,Full
224,42,500,1213,1,College,Single Vehicle Collision,Minor Damage,Fire,11,1,0,1,55200,0,17,20,Full
194,34,1000,1423,0,Associate,Vehicle Theft,Minor Damage,None,0,1,0,0,9100,0,12,13,Full
385,51,1000,976,1,MD,Multi-vehicle Collision,Minor Damage,Other,14,3,1,0,67600,0,8,30,Full
100,33,500,1125,0,College,Single Vehicle Collision,Minor Damage,Other,4,1,1,0,40800,0,11,14,Full
371,50,1000,1569,0,PhD,Multi-vehicle Collision,Major Damage,Other,2,3,2,1,84500,1,4,33,Full
175,39,500,1359,0,PhD,Multi-vehicle Collision,Major Damage,Other,9,3,2,1,71610,1,3,20,Full
373,55,500,1607,0,MD,Multi-vehicle Collision,Major Damage,Other,21,4,0,0,60600,1,8,34,Full
258,41,500,1042,0,Masters,Multi-vehicle Collision,Major Damage,Fire,0,3,2,0,81240,1,7,22,Full
255,39,500,1454,1,PhD,Multi-vehicle Collision,Total Loss,Fire,17,3,0,0,29300,0,5,21,Full
37,31,500,1970,1,MD,Multi-vehicle Collision,Total Loss,Fire,21,3,1,1,76450,0,20,15,Full
322,44,1000,1156,1,College,Multi-vehicle Collision,Major Damage,Fire,20,3,0,0,49400,0,5,22,Full
204,38,2000,1124,1,MD,Single Vehicle Collision,Total Loss,Ambulance,5,1,0,0,90530,0,12,21,Full
76,31,500,1494,1,Associate,Vehicle Theft,Minor Damage,Police,7,1,2,0,8030,0,20,10,Full
193,40,500,1155,1,PhD,Single Vehicle Collision,Minor Damage,Fire,6,1,0,1,63900,0,14,19,Full
405,55,500,878,0,PhD,Multi-vehicle Collision,Minor Damage,Fire,2,4,0,0,38640,0,18,34,Full
435,58,2000,1146,0,JD,Multi-vehicle Collision,Total Loss,Other,19,3,1,1,41490,0,11,36,Full
54,35,500,1261,1,MD,Multi-vehicle Collision,Minor Damage,Fire,21,3,2,0,79090,0,3,19,Full
144,35,500,1427,0,High School,Multi-vehicle Collision,Major Damage,Police,3,3,0,0,87900,0,20,18,Full
92,32,500,1592,0,Masters,Single Vehicle Collision,Total Loss,Ambulance,22,1,2,1,53400,0,19,10,Full
173,36,1000,1275,0,College,Single Vehicle Collision,Total Loss,Fire,22,1,2,0,52030,0,20,15,Full
436,60,500,1362,0,High School,Single Vehicle Collision,Minor Damage,Ambulance,16,1,0,0,82060,0,10,43,Full
155,35,1000,919,1,Associate,Single Vehicle Collision,Minor Damage,Ambulance,0,1,0,0,48360,0,18,14,Full
78,31,1000,1377,1,Masters,Multi-vehicle Collision,Minor Damage,Other,1,3,2,0,52290,0,18,9,Full
440,57,1000,996,0,College,Multi-vehicle Collision,Major Damage,Police,19,3,0,0,68200,1,8,37,Full
264,43,500,1508,0,PhD,Multi-vehicle Collision,Major Damage,Other,0,3,2,0,60750,1,0,25,Full
66,30,500,485,1,College,Multi-vehicle Collision,Major Damage,Fire,2,3,0,1,65560,1,0,12,Full
366,50,1000,1561,1,High School,Multi-vehicle Collision,Minor Damage,Police,5,3,1,0,70290,0,3,31,Full
188,37,500,1457,1,JD,Single Vehicle Collision,Total Loss,Ambulance,6,1,2,1,45000,0,12,15,Full
224,39,1000,1129,1,JD,Multi-vehicle Collision,Total Loss,Fire,21,3,2,0,61800,0,8,17,Full
253,46,500,1358,1,MD,Multi-vehicle Collision,Major Damage,Ambulance,11,3,0,0,64570,0,14,24,Full
446,61,1000,1233,1,High School,Single Vehicle Collision,Minor Damage,Other,3,1,2,1,70500,0,8,45,Full
169,37,1000,936,0,JD,Multi-vehicle Collision,Total Loss,Police,4,3,2,1,57900,0,10,16,Full
255,46,500,1302,1,JD,Multi-vehicle Collision,Minor Damage,Fire,2,3,1,0,57860,0,4,25,Full
209,39,500,1265,0,PhD,Single Vehicle Collision,Minor Damage,Fire,22,1,1,0,37800,0,20,20,Full
210,37,500,1468,1,MD,Single Vehicle Collision,Total Loss,Ambulance,8,1,1,1,63300,0,15,19,Full
174,33,2000,1124,1,College,Multi-vehicle Collision,Total Loss,Ambulance,14,3,0,1,44200,0,20,14,Full
70,28,1000,1320,0,High School,Multi-vehicle Collision,Minor Damage,Police,14,4,1,1,31680,0,9,10,Full
89,32,2000,1483,1,MD,Parked Car,Trivial Damage,Police,5,1,1,0,100,0,13,14,Full
458,61,1000,1328,1,High School,Single Vehicle Collision,Minor Damage,Fire,18,1,2,0,56340,0,12,44,Full
239,40,500,1464,1,JD,Multi-vehicle Collision,Total Loss,Police,20,3,0,1,69740,0,12,21,Full
161,38,2000,1134,0,PhD,Multi-vehicle Collision,Total Loss,Police,0,3,2,1,60480,0,12,21,Full
446,61,1000,1037,1,High School,Multi-vehicle Collision,Minor Damage,Police,1,3,2,0,80880,0,10,42,Full
476,61,1000,1563,1,Masters,Single Vehicle Collision,Total Loss,Fire,10,1,1,1,49390,0,6,40,Full
70,29,1000,1426,1,MD,Single Vehicle Collision,Minor Damage,Ambulance,12,1,0,0,69360,0,6,7,Full
233,41,2000,1615,1,Associate,Vehicle Theft,Minor Damage,None,6,1,0,0,3740,0,4,23,Full
122,33,500,1236,0,PhD,Parked Car,Trivial Damage,None,1,1,0,0,5060,0,12,12,Full
335,48,2000,1018,1,MD,Multi-vehicle Collision,Total Loss,Police,21,3,0,1,35860,1,10,30,Full
257,40,2000,1306,0,Associate,Multi-vehicle Collision,Major Damage,Ambulance,3,3,2,0,50050,1,7,20,Full
85,27,2000,1174,0,College,Multi-vehicle Collision,Minor Damage,Fire,14,4,0,0,59070,0,3,10,Full
133,30,1000,1231,0,College,Multi-vehicle Collision,Minor Damage,Fire,19,3,1,0,28440,0,8,9,Full
119,34,500,1299,1,College,Single Vehicle Collision,Major Damage,Fire,7,1,2,1,45540,1,17,12,Full
169,34,500,1470,1,JD,Single Vehicle Collision,Minor Damage,Fire,0,1,0,1,38700,0,3,18,Full
225,39,500,1391,0,Masters,Parked Car,Trivial Damage,None,6,1,2,1,5830,0,4,20,Full
84,32,500,1694,1,Associate,Single Vehicle Collision,Total Loss,Other,0,1,0,0,57240,1,20,11,Full
169,39,2000,1140,0,High School,Multi-vehicle Collision,Total Loss,Police,9,3,0,0,46200,0,0,23,Full
124,32,1000,1311,1,Masters,Single Vehicle Collision,Total Loss,Ambulance,23,1,0,0,57700,0,12,12,Full
320,48,2000,1730,0,College,Multi-vehicle Collision,Minor Damage,Fire,13,3,2,0,56160,0,20,30,Full
297,47,500,1617,0,MD,Multi-vehicle Collision,Total Loss,Fire,0,3,0,1,44400,0,16,30,Full
421,56,500,1936,0,Masters,Single Vehicle Collision,Major Damage,Ambulance,7,1,2,0,92730,1,11,40,Full
136,33,1000,855,1,PhD,Single Vehicle Collision,Minor Damage,Fire,23,1,0,1,30700,0,0,16,Full
46,24,2000,1568,1,High School,Single Vehicle Collision,Major Damage,Fire,7,1,2,0,56600,0,16,6,Full
34,24,2000,1551,1,MD,Parked Car,Trivial Damage,None,20,1,0,0,3960,0,17,7,Full
95,30,2000,1371,0,College,Single Vehicle Collision,Minor Damage,Police,22,1,0,0,34800,0,16,8,Full
140,36,500,1364,1,JD,Multi-vehicle Collision,Minor Damage,Other,10,3,2,1,79500,0,15,19,Full
200,34,1000,828,1,College,Single Vehicle Collision,Total Loss,Police,10,1,2,0,56000,0,6,13,Full
123,29,500,1210,1,Masters,Single Vehicle Collision,Minor Damage,Ambulance,17,1,1,1,73260,1,1,10,Full
267,46,2000,1111,0,MD,Parked Car,Trivial Damage,None,3,1,2,1,4950,0,20,24,Full
290,42,500,990,0,Masters,Single Vehicle Collision,Minor Damage,Ambulance,10,1,0,0,48000,0,2,26,Full
45,37,1000,1114,0,College,Single Vehicle Collision,Major Damage,Fire,1,1,0,1,52200,0,10,17,Full
186,38,2000,1347,1,JD,Multi-vehicle Collision,Minor Damage,Ambulance,1,3,2,0,73800,0,20,21,Full
135,34,2000,1688,1,JD,Single Vehicle Collision,Total Loss,Fire,7,1,1,0,78200,0,6,17,Full
110,33,1000,1183,0,Associate,Single Vehicle Collision,Major Damage,Ambulance,19,1,2,0,55200,1,0,12,Full
259,43,2000,1537,1,PhD,Multi-vehicle Collision,Total Loss,Other,3,3,0,1,57060,0,3,23,Full
114,30,1000,1173,1,Masters,Vehicle Theft,Minor Damage,None,3,1,0,1,4680,0,2,8,Full
404,56,1000,1361,1,Masters,Single Vehicle Collision,Minor Damage,Ambulance,23,1,2,1,53100,1,10,34,Full
282,48,2000,1423,1,MD,Vehicle Theft,Minor Damage,None,7,1,1,0,3520,0,2,26,Full
57,25,2000,1143,1,Masters,Multi-vehicle Collision,Total Loss,Ambulance,0,3,0,1,72900,0,5,9,Full
215,38,500,1406,1,PhD,Single Vehicle Collision,Total Loss,Police,10,1,0,0,70700,0,7,20,Full
140,30,500,1354,1,College,Multi-vehicle Collision,Minor Damage,Other,4,4,0,0,60170,0,9,11,Full
250,42,500,1056,0,High School,Single Vehicle Collision,Major Damage,Other,16,1,1,0,74800,1,6,22,Full
286,41,1000,999,0,College,Vehicle Theft,Trivial Damage,Police,3,1,2,0,4100,0,6,24,Full
356,47,2000,1156,0,High School,Single Vehicle Collision,Minor Damage,Other,5,1,0,0,61490,0,6,25,Full
65,29,1000,1727,0,High School,Vehicle Theft,Trivial Damage,None,14,1,0,0,7200,0,16,11,Full
187,34,500,1233,1,PhD,Multi-vehicle Collision,Minor Damage,Fire,7,3,0,0,45100,0,4,15,Full
386,53,500,1079,0,JD,Single Vehicle Collision,Minor Damage,Police,16,1,2,1,66660,0,9,33,Full
197,41,1000,1325,1,PhD,Single Vehicle Collision,Major Damage,Police,6,1,2,1,76400,1,18,24,Full
166,37,500,1519,1,MD,Single Vehicle Collision,Total Loss,Ambulance,10,1,1,0,58300,0,14,15,Full
293,49,2000,1239,1,JD,Single Vehicle Collision,Total Loss,Police,19,1,1,0,57310,0,13,33,Full
179,32,2000,1247,1,PhD,Single Vehicle Collision,Minor Damage,Fire,10,1,0,0,53100,0,9,12,Full
76,24,1000,1623,1,MD,Multi-vehicle Collision,Total Loss,Ambulance,6,3,1,0,74700,0,18,2,P1
105,28,500,1082,1,Associate,Multi-vehicle Collision,Major Damage,Fire,12,3,2,0,60500,0,20,11,Full
97,26,1000,1271,0,Masters,Multi-vehicle Collision,Total Loss,Other,10,3,2,0,84920,1,9,8,Full
148,36,1000,1236,1,MD,Single Vehicle Collision,Total Loss,Police,0,1,2,0,61050,0,6,16,Full
77,26,2000,786,0,JD,Multi-vehicle Collision,Major Damage,Police,12,3,2,0,69080,1,6,7,Full
295,46,500,1266,1,JD,Vehicle Theft,Minor Damage,None,10,1,1,1,4560,0,8,30,Full
126,28,500,1509,1,JD,Multi-vehicle Collision,Total Loss,Police,3,4,0,0,67800,0,4,8,Full
132,32,2000,1107,0,PhD,Vehicle Theft,Minor Damage,Police,21,1,1,1,5600,0,10,11,Full
370,55,2000,1389,0,JD,Vehicle Theft,Minor Damage,None,6,1,0,0,9000,0,0,35,Full
257,43,1000,975,1,JD,Single Vehicle Collision,Total Loss,Police,0,1,0,1,85320,0,9,22,Full
9,24,2000,1304,1,PhD,Vehicle Theft,Trivial Damage,None,6,1,0,1,5940,1,14,8,Full
185,34,500,1257,1,PhD,Multi-vehicle Collision,Major Damage,Fire,20,3,1,0,51370,1,15,13,Full
234,43,500,1257,0,Associate,Single Vehicle Collision,Major Damage,Police,4,1,2,1,51600,0,4,25,Full
253,44,2000,720,1,High School,Parked Car,Trivial Damage,None,9,1,0,0,5400,0,17,25,Full
233,39,2000,1524,0,JD,Multi-vehicle Collision,Minor Damage,Fire,20,3,1,1,48870,0,16,22,Full
274,44,500,1396,1,JD,Vehicle Theft,Minor Damage,Police,7,1,2,0,5590,0,15,26,Full
297,48,1000,1244,0,Masters,Multi-vehicle Collision,Major Damage,Other,18,3,0,0,54960,1,13,31,Full
273,47,1000,1189,1,Associate,Multi-vehicle Collision,Minor Damage,Police,0,3,1,0,39800,0,1,25,Full
147,37,2000,1375,1,Masters,Multi-vehicle Collision,Major Damage,Ambulance,11,3,0,0,56160,1,0,16,Full
285,42,500,1389,0,Associate,Single Vehicle Collision,Total Loss,Fire,13,1,0,0,52700,0,10,23,Full
289,43,1000,1388,1,Associate,Multi-vehicle Collision,Minor Damage,Fire,19,3,1,0,68580,0,5,25,Full
427,60,1000,1179,0,MD,Single Vehicle Collision,Major Damage,Ambulance,23,1,1,1,90860,1,11,40,Full
380,53,2000,1167,0,Associate,Parked Car,Trivial Damage,Police,23,1,0,0,5700,0,14,35,Full
13,21,1000,1556,0,Associate,Multi-vehicle Collision,Total Loss,Police,19,3,2,1,94930,0,1,4,P2
282,43,500,1452,0,MD,Single Vehicle Collision,Major Damage,Ambulance,19,1,1,0,46800,1,8,23,Full
312,47,1000,1212,1,MD,Multi-vehicle Collision,Total Loss,Fire,17,3,2,0,56320,0,15,31,Full
266,46,2000,1579,0,Associate,Single Vehicle Collision,Minor Damage,Fire,18,1,1,1,83490,0,19,28,Full
30,36,500,1488,1,College,Multi-vehicle Collision,Total Loss,Police,17,3,2,0,57900,0,7,18,Full
198,36,1000,1096,0,High School,Multi-vehicle Collision,Total Loss,Fire,11,3,1,1,49410,0,0,16,Full
290,45,2000,1215,0,Associate,Multi-vehicle Collision,Minor Damage,Fire,22,3,0,0,66200,0,3,27,Full
260,46,2000,1483,0,MD,Single Vehicle Collision,Minor Damage,Fire,7,1,0,0,64080,0,10,26,Full
233,43,1000,954,1,College,Multi-vehicle Collision,Minor Damage,Other,17,3,2,1,42500,0,15,27,Full
130,30,2000,1193,0,PhD,Multi-vehicle Collision,Total Loss,Other,16,3,2,0,48950,0,10,12,Full
230,42,1000,1023,1,MD,Multi-vehicle Collision,Minor Damage,Other,13,3,1,1,58850,0,16,20,Full
212,40,1000,1524,1,Masters,Multi-vehicle Collision,Minor Damage,Other,17,3,0,1,82400,0,9,23,Full
299,44,1000,1653,1,College,Single Vehicle Collision,Minor Damage,Ambulance,3,1,2,0,54240,0,6,26,Full
91,26,1000,1022,1,Associate,Multi-vehicle Collision,Minor Damage,Other,15,3,0,0,74200,0,19,6,Full
398,53,2000,1396,1,Associate,Single Vehicle Collision,Total Loss,Fire,16,1,2,0,47430,0,15,33,Full
218,43,500,1522,1,Associate,Single Vehicle Collision,Major Damage,Fire,18,1,1,1,68200,1,12,26,Full
152,33,1000,1034,1,JD,Single Vehicle Collision,Minor Damage,Fire,18,1,1,0,63900,0,1,16,Full
212,39,1000,1255,1,JD,Multi-vehicle Collision,Total Loss,Ambulance,22,2,0,1,59300,0,7,19,Full
242,44,2000,1397,1,College,Multi-vehicle Collision,Minor Damage,Other,15,3,1,1,66900,1,16,23,Full
80,27,500,795,0,JD,Multi-vehicle Collision,Major Damage,Police,16,3,1,0,40810,1,15,7,Full
260,43,500,982,1,JD,Single Vehicle Collision,Total Loss,Fire,18,1,1,0,75400,0,4,25,Full
133,34,500,1074,1,JD,Parked Car,Minor Damage,None,8,1,2,1,4200,0,2,14,Full
290,45,1000,1311,1,Associate,Multi-vehicle Collision,Major Damage,Ambulance,23,3,0,1,52650,1,14,28,Full
322,49,2000,1277,1,PhD,Single Vehicle Collision,Major Damage,Ambulance,18,1,0,1,42240,0,8,31,Full
228,39,500,1389,1,JD,Single Vehicle Collision,Minor Damage,Other,10,1,1,1,59490,0,20,19,Full
195,37,1000,1407,0,MD,Single Vehicle Collision,Major Damage,Ambulance,12,1,0,0,44200,1,13,21,Full
247,39,500,1558,1,Masters,Vehicle Theft,Trivial Damage,Police,5,1,1,0,7700,0,15,22,Full
405,57,1000,1132,0,MD,Multi-vehicle Collision,Total Loss,Other,21,3,2,0,61440,0,7,36,Full
144,37,2000,1897,1,PhD,Multi-vehicle Collision,Major Damage,Fire,17,3,1,0,54400,1,0,21,Full
338,47,500,1143,0,MD,Single Vehicle Collision,Total Loss,Other,4,1,2,0,58560,0,13,29,Full
121,34,500,1285,0,MD,Single Vehicle Collision,Major Damage,Fire,11,1,1,0,67300,1,15,17,Full
398,55,2000,1305,0,MD,Single Vehicle Collision,Major Damage,Fire,18,1,1,1,36740,1,17,37,Full
9,30,1000,1074,1,High School,Single Vehicle Collision,Total Loss,Police,12,1,0,0,85690,0,4,11,Full
115,31,1000,1052,1,Associate,Multi-vehicle Collision,Major Damage,Ambulance,18,3,0,0,34160,1,10,14,Full
280,48,1000,1387,0,JD,Single Vehicle Collision,Minor Damage,Fire,16,1,2,0,61320,0,17,30,Full
254,45,500,1084,0,JD,Multi-vehicle Collision,Total Loss,Police,19,3,0,0,79680,0,11,29,Full
141,30,1000,1852,1,High School,Single Vehicle Collision,Total Loss,Fire,13,1,1,1,61740,0,13,12,Full
441,55,500,1270,0,College,Parked Car,Minor Damage,None,4,1,0,0,6400,0,13,35,Full
381,55,500,1460,1,MD,Single Vehicle Collision,Major Damage,Fire,8,1,1,1,60600,0,4,33,Full
191,38,2000,1253,1,Masters,Multi-vehicle Collision,Major Damage,Ambulance,19,3,2,0,56320,0,8,18,Full
145,34,1000,1142,1,JD,Single Vehicle Collision,Total Loss,Ambulance,18,1,2,0,52250,0,3,18,Full
479,60,1000,1188,1,MD,Multi-vehicle Collision,Total Loss,Other,9,2,0,0,53900,0,9,42,Full
215,35,1000,1125,0,Masters,Vehicle Theft,Trivial Damage,None,6,1,2,0,2640,0,14,18,Full
41,33,500,1294,0,High School,Vehicle Theft,Minor Damage,None,8,1,0,0,8970,0,4,17,Full
45,31,500,1460,0,MD,Parked Car,Minor Damage,None,6,1,1,0,6000,0,15,13,Full
156,38,500,1368,0,High School,Multi-vehicle Collision,Major Damage,Fire,23,3,0,0,55200,1,17,19,Full
246,45,500,1594,0,Associate,Parked Car,Trivial Damage,None,13,1,0,1,7260,0,7,25,Full
178,39,500,1036,1,JD,Multi-vehicle Collision,Minor Damage,Police,3,3,2,0,64680,0,5,23,Full
237,43,500,912,1,PhD,Single Vehicle Collision,Major Damage,Police,23,1,0,0,59200,0,17,25,Full
127,34,500,1320,1,Associate,Vehicle Theft,Minor Damage,None,8,1,1,0,4700,0,17,15,Full
1,33,2000,1392,0,Associate,Single Vehicle Collision,Total Loss,Other,23,1,0,0,69400,0,15,13,Full
5,21,500,915,1,High School,Single Vehicle Collision,Total Loss,Police,23,1,0,0,40500,0,17,2,P1
64,28,1000,1469,0,JD,Multi-vehicle Collision,Minor Damage,Fire,9,3,2,0,60000,0,18,7,Full
142,30,500,1413,0,PhD,Single Vehicle Collision,Minor Damage,Other,22,1,2,0,67320,0,19,8,Full
97,27,500,1588,1,High School,Multi-vehicle Collision,Total Loss,Other,22,3,2,1,75690,0,1,11,Full
121,31,1000,1141,0,Associate,Multi-vehicle Collision,Major Damage,Fire,15,3,1,0,64300,1,13,13,Full
225,43,1000,1518,0,JD,Multi-vehicle Collision,Major Damage,Police,16,3,2,1,64400,0,4,24,Full
425,53,2000,912,1,High School,Multi-vehicle Collision,Minor Damage,Fire,17,3,1,0,97080,0,10,31,Full
285,44,2000,1144,0,MD,Vehicle Theft,Minor Damage,Police,3,1,1,0,5500,0,5,25,Full
192,38,1000,1281,1,Masters,Multi-vehicle Collision,Total Loss,Other,10,3,0,0,30700,0,5,19,Full
285,48,2000,1102,1,College,Single Vehicle Collision,Minor Damage,Police,9,1,1,1,33480,0,3,31,Full
98,26,2000,1082,0,JD,Multi-vehicle Collision,Total Loss,Police,13,2,0,1,65430,0,14,4,P2
175,36,500,1185,0,Masters,Multi-vehicle Collision,Major Damage,Police,15,3,2,1,42680,1,9,17,Full
259,45,2000,1175,0,MD,Single Vehicle Collision,Minor Damage,Fire,23,1,1,0,87780,0,4,27,Full
140,36,2000,979,1,JD,Multi-vehicle Collision,Major Damage,Fire,2,4,0,1,72800,0,17,18,Full
231,37,500,921,1,High School,Single Vehicle Collision,Major Damage,Fire,14,1,2,0,71190,1,18,19,Full
186,38,500,923,0,High School,Vehicle Theft,Trivial Damage,None,7,1,1,1,3600,0,16,16,Full
229,41,2000,1108,0,PhD,Single Vehicle Collision,Major Damage,Other,23,1,1,0,62640,0,6,21,Full
180,36,500,1272,0,College,Multi-vehicle Collision,Minor Damage,Ambulance,7,3,2,0,69630,0,17,17,Full
188,33,1000,1340,0,High School,Multi-vehicle Collision,Minor Damage,Police,8,3,1,0,76010,1,20,11,Full
214,40,1000,1648,0,JD,Single Vehicle Collision,Total Loss,Other,17,1,1,1,44220,0,15,24,Full
178,38,500,1381,1,College,Multi-vehicle Collision,Minor Damage,Other,10,3,0,0,57200,0,4,18,Full
55,35,500,1198,0,MD,Vehicle Theft,Minor Damage,Police,9,1,0,0,3080,0,17,14,Full
90,31,2000,951,1,PhD,Single Vehicle Collision,Total Loss,Other,2,1,1,1,75790,0,8,14,Full
135,30,2000,1341,1,MD,Multi-vehicle Collision,Minor Damage,Ambulance,18,3,0,0,32670,0,12,12,Full
277,46,2000,1178,1,Associate,Vehicle Theft,Minor Damage,Police,4,1,2,0,3870,0,5,29,Full
211,38,1000,1055,1,Masters,Single Vehicle Collision,Total Loss,Fire,12,1,0,1,91520,1,10,18,Full
156,32,500,1479,0,Masters,Single Vehicle Collision,Major Damage,Other,15,1,1,1,74690,1,7,10,Full
84,30,2000,1827,0,Associate,Vehicle Theft,Trivial Damage,Police,9,1,1,0,4620,0,17,13,Full
136,32,500,1170,1,JD,Single Vehicle Collision,Major Damage,Police,6,1,0,0,55000,1,7,12,Full
310,48,500,1516,1,JD,Multi-vehicle Collision,Major Damage,Police,11,4,0,0,59400,1,19,27,Full
123,34,2000,1270,1,College,Multi-vehicle Collision,Total Loss,Fire,13,3,1,0,55260,0,15,12,Full
243,44,500,809,0,JD,Multi-vehicle Collision,Minor Damage,Other,4,3,2,1,51400,0,19,27,Full
36,37,1000,1116,1,Masters,Multi-vehicle Collision,Minor Damage,Ambulance,20,3,1,0,48780,0,7,19,Full
146,31,1000,1458,1,College,Multi-vehicle Collision,Major Damage,Ambulance,0,3,1,0,52380,0,5,9,Full
154,34,1000,1041,1,JD,Multi-vehicle Collision,Total Loss,Other,18,4,2,1,74360,1,10,13,Full
204,40,1000,1694,0,High School,Single Vehicle Collision,Minor Damage,Police,6,1,1,0,53400,0,12,18,Full
458,59,1000,1686,1,High School,Single Vehicle Collision,Total Loss,Police,23,1,2,1,71800,0,20,37,Full
147,31,500,1055,1,PhD,Single Vehicle Collision,Major Damage,Other,4,1,0,0,68240,1,2,9,Full
279,45,2000,1334,1,MD,Multi-vehicle Collision,Major Damage,Other,21,3,1,0,61050,1,4,26,Full
308,47,1000,1014,1,Associate,Parked Car,Minor Damage,None,7,1,1,1,5590,0,13,29,Full
284,48,500,958,1,PhD,Multi-vehicle Collision,Major Damage,Fire,19,3,0,0,46860,0,17,27,Full
108,31,2000,1112,1,PhD,Parked Car,Minor Damage,None,5,1,1,0,4290,0,17,9,Full
421,57,2000,1206,1,Associate,Multi-vehicle Collision,Minor Damage,Police,22,3,0,0,78500,0,0,39,Full
266,42,1000,764,0,Associate,Single Vehicle Collision,Total Loss,Police,12,1,1,1,70830,0,10,24,Full
412,56,500,1043,0,High School,Multi-vehicle Collision,Total Loss,Police,19,3,0,0,68040,0,18,37,Full
31,32,2000,1263,1,JD,Single Vehicle Collision,Major Damage,Fire,10,1,2,0,63600,1,18,14,Full
465,63,500,1007,1,Masters,Single Vehicle Collision,Minor Damage,Other,7,1,0,0,43560,0,0,43,Full
126,31,1000,1328,0,Masters,Single Vehicle Collision,Total Loss,Police,17,1,1,0,60840,0,4,10,Full
407,55,1000,1250,1,PhD,Multi-vehicle Collision,Total Loss,Police,0,3,2,1,68160,0,5,38,Full
101,27,500,983,1,College,Parked Car,Minor Damage,None,9,1,1,0,5170,0,14,8,Full
187,37,1000,1412,1,Masters,Single Vehicle Collision,Total Loss,Ambulance,21,1,0,0,57700,0,15,21,Full
252,46,2000,1067,1,JD,Multi-vehicle Collision,Total Loss,Other,22,3,0,0,89520,0,1,25,Full
229,43,2000,1586,0,High School,Vehicle Theft,Minor Damage,None,3,1,1,1,4620,0,3,23,Full
246,39,1000,1416,1,JD,Single Vehicle Collision,Minor Damage,Ambulance,16,1,0,0,45180,0,11,18,Full
190,38,500,1246,0,JD,Single Vehicle Collision,Total Loss,Other,14,1,0,0,45100,0,2,19,Full
95,32,2000,1357,0,Masters,Multi-vehicle Collision,Total Loss,Police,21,3,0,1,83160,0,12,15,Full
205,42,2000,1388,1,High School,Single Vehicle Collision,Minor Damage,Police,19,1,2,0,86130,0,20,23,Full
41,25,1000,1004,0,Masters,Multi-vehicle Collision,Major Damage,Fire,13,3,1,0,48000,0,20,3,P2
137,35,500,1107,1,High School,Vehicle Theft,Minor Damage,Police,21,1,0,1,3300,0,7,15,Full
194,34,500,1430,1,JD,Multi-vehicle Collision,Minor Damage,Ambulance,11,3,1,1,57200,0,10,14,Full
128,35,1000,1075,1,Associate,Vehicle Theft,Trivial Damage,Police,16,1,2,0,7590,0,3,14,Full
150,37,1000,1007,1,PhD,Single Vehicle Collision,Total Loss,Police,9,1,0,0,80080,0,2,21,Full
104,30,500,1053,1,MD,Vehicle Theft,Minor Damage,Police,8,1,0,1,4800,0,9,12,Full
163,37,1000,1200,1,High School,Vehicle Theft,Minor Damage,Police,7,1,2,1,3900,1,7,20,Full
80,26,1000,1343,0,Masters,Single Vehicle Collision,Minor Damage,Other,12,1,0,0,90400,0,20,5,Full
65,29,2000,1442,1,MD,Multi-vehicle Collision,Minor Damage,Other,21,3,0,0,62900,0,17,7,Full
179,32,1000,1433,1,Associate,Single Vehicle Collision,Major Damage,Police,4,1,1,0,54200,1,1,12,Full
372,50,2000,1369,1,MD,Multi-vehicle Collision,Major Damage,Police,18,3,2,1,51800,0,12,30,Full
398,55,500,862,0,High School,Vehicle Theft,Trivial Damage,Police,7,1,2,0,6600,0,3,38,Full
213,35,500,871,0,MD,Single Vehicle Collision,Total Loss,Fire,13,1,2,1,74140,0,8,14,Full
79,25,500,1863,1,Associate,Single Vehicle Collision,Total Loss,Fire,0,1,2,0,67800,0,20,3,P2
232,44,2000,1182,0,College,Single Vehicle Collision,Major Damage,Fire,22,1,1,1,55400,1,13,24,Full
230,37,1000,1061,0,PhD,Single Vehicle Collision,Major Damage,Ambulance,15,1,2,0,49100,1,19,21,Full
234,41,500,952,1,JD,Multi-vehicle Collision,Major Damage,Police,3,3,2,0,98280,1,8,25,Full
240,40,500,1534,1,JD,Multi-vehicle Collision,Total Loss,Fire,18,2,0,0,66550,0,7,22,Full
143,33,1000,1200,1,Associate,Multi-vehicle Collision,Major Damage,Fire,17,3,2,0,70400,0,13,11,Full
266,42,500,1094,0,Associate,Multi-vehicle Collision,Major Damage,Ambulance,18,3,1,0,53280,1,0,21,Full
89,32,1000,989,1,High School,Single Vehicle Collision,Total Loss,Other,11,1,2,1,84590,0,16,11,Full
229,37,1000,1332,1,Masters,Single Vehicle Collision,Total Loss,Other,17,1,0,1,54560,0,11,16,Full
245,40,1000,1361,0,PhD,Single Vehicle Collision,Minor Damage,Ambulance,12,1,0,1,82170,0,16,21,Full
50,44,2000,1189,0,College,Multi-vehicle Collision,Total Loss,Police,15,3,1,0,61100,0,7,27,Full
230,43,2000,1102,0,High School,Multi-vehicle Collision,Minor Damage,Police,0,3,0,1,51900,1,4,27,Full
17,39,1000,841,1,JD,Parked Car,Trivial Damage,Police,9,1,2,0,3440,0,13,23,Full
163,36,1000,1503,0,MD,Single Vehicle Collision,Total Loss,Ambulance,1,1,2,0,51390,0,2,20,Full
29,32,1000,1722,0,High School,Single Vehicle Collision,Major Damage,Other,22,1,0,0,76900,0,20,16,Full
232,42,500,944,0,College,Single Vehicle Collision,Minor Damage,Other,11,1,2,0,77000,1,0,20,Full
235,39,2000,1454,0,JD,Single Vehicle Collision,Major Damage,Other,10,1,0,0,60320,1,3,21,Full
295,46,500,1673,1,High School,Single Vehicle Collision,Minor Damage,Fire,5,1,1,0,60700,0,18,26,Full
22,21,1000,1248,1,High School,Multi-vehicle Collision,Total Loss,Police,3,3,1,0,53280,0,0,0,Ls
286,43,500,1564,1,MD,Single Vehicle Collision,Minor Damage,Fire,18,1,2,1,34290,0,2,27,Full
257,44,1000,1281,0,MD,Single Vehicle Collision,Total Loss,Other,21,1,0,0,46980,0,13,23,Full
94,26,500,723,0,MD,Multi-vehicle Collision,Major Damage,Fire,6,3,1,1,36700,0,5,8,Full
124,28,1000,1235,0,MD,Multi-vehicle Collision,Total Loss,Other,20,3,0,0,60200,0,3,6,Full
141,30,1000,1347,0,High School,Parked Car,Minor Damage,None,6,1,1,1,6480,0,19,11,Full
3,38,1000,1311,1,Masters,Single Vehicle Collision,Minor Damage,Fire,20,1,0,0,87200,0,9,17,Full
285,41,1000,1437,1,PhD,Single Vehicle Collision,Major Damage,Fire,23,1,2,0,108480,0,0,21,Full
130,34,500,1383,1,Masters,Multi-vehicle Collision,Minor Damage,Police,4,3,2,1,67500,0,19,15,Full
458,62,2000,1357,0,Associate,Single Vehicle Collision,Major Damage,Other,2,1,0,1,46980,0,17,42,Full
456,60,1000,766,1,Associate,Parked Car,Minor Damage,Police,6,1,0,0,5060,0,8,39,Full
